Initials	Item Name	Rarity	Min Ups	Max Ups	Min Base	Max Base	Class	Health	Max Potential	Min Potential	Lowest Health	Highest Health	Unrounded Min Upgrades	Unrounded Max Upgrades	Average Ups	Average Base	Unrounded Min Base	Unrounded Max Base
DT	Bronze Dagger		1	3	5	7	War		10	6	0	0	1.9	2.1	2	6	5.7	6.3
DT	Bronze Dagger		2	4	6	8	War		12	8	0	0	2.85	3.15	3	7	6.65	7.35
DT	Bronze Dagger		3	5	7	9	War		14	10	0	0	3.8	4.2	4	8	7.6	8.4
DT	Bronze Dagger		4	6	8	10	War		16	12	0	0	4.75	5.25	5	9	8.55	9.45
DT	Novice Wand		2	4	11	13	Mage		17	13	0	0	2.85	3.15	3	12	11.4	12.6
DT	Novice Wand		3	5	12	14	Mage		19	15	0	0	3.8	4.2	4	13	12.35	13.65
DT	Novice Wand		4	6	13	15	Mage		21	17	0	0	4.75	5.25	5	14	13.3	14.7
DT	Novice Wand		5	7	14	16	Mage		23	19	0	0	5.7	6.3	6	15	14.25	15.75
DT	Bronze Longsword		2	4	9	11	War		15	11	0	0	2.85	3.15	3	10	9.5	10.5
DT	Bronze Longsword		3	5	10	12	War		17	13	0	0	3.8	4.2	4	11	10.45	11.55
DT	Bronze Longsword		4	6	11	13	War		19	15	0	0	4.75	5.25	5	12	11.4	12.6
DT	Bronze Longsword		5	7	12	14	War		21	17	0	0	5.7	6.3	6	13	12.35	13.65
DT	Iron Longsword		3	5	15	17	War		22	18	0	0	3.8	4.2	4	16	15.2	16.8
DT	Iron Longsword		4	6	18	20	War		26	22	0	0	4.75	5.25	5	19	18.05	19.95
DT	Iron Longsword		5	7	20	24	War		31	25	0	0	5.7	6.3	6	22	20.9	23.1
DT	Iron Longsword		6	8	23	27	War		35	29	0	0	6.65	7.35	7	25	23.75	26.25
DT	Spiked Club		2	4	12	14	War		18	14	0	0	2.85	3.15	3	13	12.35	13.65
DT	Spiked Club		3	5	13	15	War		20	16	0	0	3.8	4.2	4	14	13.3	14.7
DT	Spiked Club		4	6	15	17	War		23	19	0	0	4.75	5.25	5	16	15.2	16.8
DT	Spiked Club		5	7	18	20	War		27	23	0	0	5.7	6.3	6	19	18.05	19.95
DT	Steel Serrated Sword		4	6	19	23	War		29	23	0	0	4.75	5.25	5	21	19.95	22.05
DT	Steel Serrated Sword		5	7	22	26	War		33	27	0	0	5.7	6.3	6	24	22.8	25.2
DT	Steel Serrated Sword		6	8	27	31	War		39	33	0	0	6.65	7.35	7	29	27.55	30.45
DT	Steel Serrated Sword		7	9	32	36	War		50	39	0	0	7.6	8.4	8	34	32.3	35.7
DT	Magic Mallet		4	6	20	24	Mage		30	24	0	0	4.75	5.25	5	22	20.9	23.1
DT	Magic Mallet		5	7	22	26	Mage		33	27	0	0	5.7	6.3	6	24	22.8	25.2
DT	Magic Mallet		6	8	26	30	Mage		38	32	0	0	6.65	7.35	7	28	26.6	29.4
DT	Magic Mallet		7	9	30	34	Mage		46	37	0	0	7.6	8.4	8	32	30.4	33.6
DT	Apprentice Staff		3	5	14	16	Mage		21	17	0	0	3.8	4.2	4	15	14.25	15.75
DT	Apprentice Staff		4	6	15	17	Mage		23	19	0	0	4.75	5.25	5	16	15.2	16.8
DT	Apprentice Staff		5	7	17	19	Mage		26	22	0	0	5.7	6.3	6	18	17.1	18.9
DT	Apprentice Staff		6	8	19	21	Mage		29	25	0	0	6.65	7.35	7	20	19	21
DT	Flame Staff		5	7	32	36	Mage		46	37	0	0	5.7	6.3	6	34	32.3	35.7
DT	Flame Staff		6	8	36	40	Mage		56	44	0	0	6.65	7.35	7	38	36.1	39.9
DT	Flame Staff		7	9	41	47	Mage		67	55	0	0	7.6	8.4	8	44	41.8	46.2
DT	Flame Staff		8	10	48	54	Mage		81	66	0	0	8.55	9.45	9	51	48.45	53.55
DT	Granite Maul		4	6	26	30	War		36	30	0	0	4.75	5.25	5	28	26.6	29.4
DT	Granite Maul		5	7	31	35	War		44	36	0	0	5.7	6.3	6	33	31.35	34.65
DT	Granite Maul		6	8	36	40	War		56	44	0	0	6.65	7.35	7	38	36.1	39.9
DT	Granite Maul		7	9	41	47	War		67	55	0	0	7.6	8.4	8	44	41.8	46.2
DT	Rouge's Rapier		5	7	35	39	War		52	40	0	0	5.7	6.3	6	37	35.15	38.85
DT	Rouge's Rapier		6	8	38	44	War		60	48	0	0	6.65	7.35	7	41	38.95	43.05
DT	Rouge's Rapier		7	9	43	49	War		70	57	0	0	7.6	8.4	8	46	43.7	48.3
DT	Rouge's Rapier		8	10	48	54	War		81	66	0	0	8.55	9.45	9	51	48.45	53.55
DT	Mage Spellbook		6	8	49	55	Mage		76	61	0	0	6.65	7.35	7	52	49.4	54.6
DT	Mage Spellbook		7	9	56	62	Mage		92	75	0	0	7.6	8.4	8	59	56.05	61.95
DT	Mage Spellbook		8	10	64	72	Mage		111	90	0	0	8.55	9.45	9	68	64.6	71.4
DT	Mage Spellbook		9	11	74	82	Mage		134	110	0	0	9.5	10.5	10	78	74.1	81.9
DT	Enchanted Sword		7	9	43	49	War		70	57	0	0	7.6	8.4	8	46	43.7	48.3
DT	Enchanted Sword		8	10	48	54	War		81	66	0	0	8.55	9.45	9	51	48.45	53.55
DT	Enchanted Sword		9	11	55	61	War		98	79	0	0	9.5	10.5	10	58	55.1	60.9
DT	Enchanted Sword		10	12	61	69	War		116	94	0	0	10.45	11.55	11	65	61.75	68.25
DT	Ghostly Greataxe		8	10	72	80	War		126	101	0	0	8.55	9.45	9	76	72.2	79.8
DT	Ghostly Greataxe		9	11	79	89	War		145	117	0	0	9.5	10.5	10	84	79.8	88.2
DT	Ghostly Greataxe		10	12	86	96	War		165	134	0	0	10.45	11.55	11	91	86.45	95.55
DT	Ghostly Greataxe		12	14	94	104	War		196	161	0	0	12.35	13.65	13	99	94.05	103.95
DT	Ghoul Slayer		13	15	81	91	War		178	145	0	0	13.3	14.7	14	86	81.7	90.3
DT	Ghoul Slayer		15	17	88	98	War		213	173	0	0	15.2	16.8	16	93	88.35	97.65
DT	Ghoul Slayer		17	19	95	105	War		248	204	0	0	17.1	18.9	18	100	95	105
DT	Ghoul Slayer		19	23	103	115	War		308	244	0	0	19.95	22.05	21	109	103.55	114.45
DT	Grand Claymore		8	10	52	58	War		89	72	0	0	8.55	9.45	9	55	52.25	57.75
DT	Grand Claymore		9	11	57	63	War		101	82	0	0	9.5	10.5	10	60	57	63
DT	Grand Claymore		10	12	63	71	War		120	97	0	0	10.45	11.55	11	67	63.65	70.35
DT	Grand Claymore		12	14	70	78	War		145	117	0	0	12.35	13.65	13	74	70.3	77.7
DT	Onyx Staff		8	10	61	69	Mage		106	86	0	0	8.55	9.45	9	65	61.75	68.25
DT	Onyx Staff		9	11	70	78	Mage		127	102	0	0	9.5	10.5	10	74	70.3	77.7
DT	Onyx Staff		10	12	78	88	Mage		151	121	0	0	10.45	11.55	11	83	78.85	87.15
DT	Onyx Staff		12	14	89	99	Mage		186	152	0	0	12.35	13.65	13	94	89.3	98.7
DT	Pulverizer		8	10	61	69	War		106	86	0	0	8.55	9.45	9	65	61.75	68.25
DT	Pulverizer		9	11	68	76	War		122	100	0	0	9.5	10.5	10	72	68.4	75.6
DT	Pulverizer		10	12	75	83	War		141	116	0	0	10.45	11.55	11	79	75.05	82.95
DT	Pulverizer		12	14	82	92	War		173	140	0	0	12.35	13.65	13	87	82.65	91.35
DT	Holy Staff		12	14	81	91	Mage		170	139	0	0	12.35	13.65	13	86	81.7	90.3
DT	Holy Staff		14	16	89	99	Mage		204	166	0	0	14.25	15.75	15	94	89.3	98.7
DT	Holy Staff		16	18	96	108	Mage		244	181	0	0	16.15	17.85	17	102	96.9	107.1
DT	Holy Staff		19	23	108	120	Mage		318	254	0	0	19.95	22.05	21	114	108.3	119.7
DT	Desert Fury		22	26	114	126	Legendary		358	295	0	0	22.8	25.2	24	120	114	126
DT	Novice | Blue Wizard		1	3	3	5	DPS Armor	20	8	4	19	21	1.9	2.1	2	4	3.8	4.2
DT	Novice | Blue Wizard		2	4	4	6	DPS Armor	30	10	6	28	32	2.85	3.15	3	5	4.75	5.25
DT	Novice | Blue Wizard		3	5	5	7	DPS Armor	40	12	8	38	42	3.8	4.2	4	6	5.7	6.3
DT	Novice | Blue Wizard		4	6	6	8	DPS Armor	50	14	10	47	53	4.75	5.25	5	7	6.65	7.35
DT	Iron Armor		1	3	57	63	Guardian		72	59	0	0	1.9	2.1	2	60	57	63
DT	Iron Armor		2	4	68	76	Guardian		70	74	0	0	2.85	3.15	3	72	68.4	75.6
DT	Iron Armor		3	5	80	90	Guardian		112	92	0	0	3.8	4.2	4	85	80.75	89.25
DT	Iron Armor		4	6	95	105	Guardian		138	113	0	0	4.75	5.25	5	100	95	105
DT	Mercenary/Elemental		3	5	6	8	DPS Armor	45	13	9	42	48	3.8	4.2	4	7	6.65	7.35
DT	Mercenary/Elemental		4	6	7	9	DPS Armor	55	15	11	52	58	4.75	5.25	5	8	7.6	8.4
DT	Mercenary/Elemental		5	7	8	10	DPS Armor	65	17	13	61	69	5.7	6.3	6	9	8.55	9.45
DT	Mercenary/Elemental		6	8	9	11	DPS Armor	75	19	15	71	79	6.65	7.35	7	10	9.5	10.5
DT	Crusader's		3	5	118	132	Guardian		165	135	0	0	3.8	4.2	4	125	118.75	131.25
DT	Crusader's		4	6	131	145	Guardian		191	157	0	0	4.75	5.25	5	138	131.1	144.9
DT	Crusader's		5	7	144	160	Guardian		222	181	0	0	5.7	6.3	6	152	144.4	159.6
DT	Crusader's		6	8	161	179	Guardian		255	213	0	0	6.65	7.35	7	170	161.5	178.5
DT	Red Knight/Templar		5	7	9	11	DPS Armor	85	18	14	80	90	5.7	6.3	6	10	9.5	10.5
DT	Red Knight/Templar		6	8	11	13	DPS Armor	95	21	17	90	100	6.65	7.35	7	12	11.4	12.6
DT	Red Knight/Templar		8	10	14	16	DPS Armor	105	26	22	99	111	8.55	9.45	9	15	14.25	15.75
DT	Red Knight/Templar		9	11	16	18	DPS Armor	115	29	25	109	121	9.5	10.5	10	17	16.15	17.85
DT	Guardian		5	7	190	210	Guardian		280	238	0	0	5.7	6.3	6	200	190	210
DT	Guardian		6	8	223	247	Guardian		327	283	0	0	6.65	7.35	7	235	223.25	246.75
DT	Guardian		8	10	256	284	Guardian		384	336	0	0	8.55	9.45	9	270	256.5	283.5
DT	Guardian		9	11	323	357	Guardian		467	413	0	0	9.5	10.5	10	340	323	357
WO	Holy Grail		17	19	99	111	Mage		260	214	0	0	17.1	18.9	18	105	99.75	110.25
WO	Holy Grail		19	23	109	121	Mage		320	255	0	0	19.95	22.05	21	115	109.25	120.75
WO	Holy Grail		22	26	118	132	Mage		368	304	0	0	22.8	25.2	24	125	118.75	131.25
WO	Holy Grail		25	29	128	142	Mage		415	353	0	0	25.65	28.35	27	135	128.25	141.75
WO	Steel Strongsword		16	18	95	105	War		238	195	0	0	16.15	17.85	17	100	95	105
WO	Steel Strongsword		19	21	104	116	War		290	245	0	0	19	21	20	110	104.5	115.5
WO	Steel Strongsword		20	24	114	128	War		343	275	0	0	20.9	23.1	22	121	114.95	127.05
WO	Steel Strongsword		22	26	123	137	War		377	314	0	0	22.8	25.2	24	130	123.5	136.5
WO	Coldstone Sword		16	18	114	128	War		283	235	0	0	16.15	17.85	17	121	114.95	127.05
WO	Coldstone Sword		18	20	125	139	War		320	277	0	0	18.05	19.95	19	132	125.4	138.6
WO	Coldstone Sword		19	23	134	150	War		367	303	0	0	19.95	22.05	21	142	134.9	149.1
WO	Coldstone Sword		21	25	142	158	War		398	335	0	0	21.85	24.15	23	150	142.5	157.5
WO	Sapphire Spell Dagger		20	24	114	126	Mage		338	275	0	0	20.9	23.1	22	120	114	126
WO	Sapphire Spell Dagger		23	27	126	140	Mage		393	328	0	0	23.75	26.25	25	133	126.35	139.65
WO	Sapphire Spell Dagger		26	30	137	153	Mage		442	377	0	0	26.6	29.4	28	145	137.75	152.25
WO	Sapphire Spell Dagger		29	33	152	168	Mage		492	430	0	0	29.45	32.55	31	160	152	168
WO	Ice Enhanced Sword		22	26	130	144	War		388	325	0	0	22.8	25.2	24	137	130.15	143.85
WO	Ice Enhanced Sword		24	28	137	153	War		422	357	0	0	24.7	27.3	26	145	137.75	152.25
WO	Ice Enhanced Sword		26	30	147	163	War		455	393	0	0	26.6	29.4	28	155	147.25	162.75
WO	Ice Enhanced Sword		28	32	156	174	War		490	425	0	0	28.5	31.5	30	165	156.75	173.25
WO	Infernal Elemental Sword		22	26	142	158	War		408	345	0	0	22.8	25.2	24	150	142.5	157.5
WO	Infernal Elemental Sword		24	28	152	168	War		442	380	0	0	24.7	27.3	26	160	152	168
WO	Infernal Elemental Sword		26	30	161	179	War		475	413	0	0	26.6	29.4	28	170	161.5	178.5
WO	Infernal Elemental Sword		27	31	169	187	War		495	433	0	0	27.55	30.45	29	178	169.1	186.9
WO	Snowy Greatstaff		24	28	135	151	Mage		418	354	0	0	24.7	27.3	26	143	135.85	150.15
WO	Snowy Greatstaff		27	31	150	166	Mage		470	407	0	0	27.55	30.45	29	158	150.1	165.9
WO	Snowy Greatstaff		30	34	158	176	Mage		512	448	0	0	30.4	33.6	32	167	158.65	175.35
WO	Snowy Greatstaff		33	37	169	187	Mage		555	493	0	0	33.25	36.75	35	178	169.1	186.9
WO	Magma Infused Staff		28	32	156	174	Mage		490	425	0	0	28.5	31.5	30	165	156.75	173.25
WO	Magma Infused Staff		31	35	171	189	Mage		537	475	0	0	31.35	34.65	33	180	171	189
WO	Magma Infused Staff		34	38	185	205	Mage		585	523	0	0	34.2	37.8	36	195	185.25	204.75
WO	Magma Infused Staff		37	41	199	221	Mage		631	568	0	0	37.05	40.95	39	210	199.5	220.5
WO	Reinforced Steel Sword		27	31	156	174	War		480	415	0	0	27.55	30.45	29	165	156.75	173.25
WO	Reinforced Steel Sword		29	33	166	184	War		512	450	0	0	29.45	32.55	31	175	166.25	183.75
WO	Reinforced Steel Sword		32	36	175	195	War		554	491	0	0	32.3	35.7	34	185	175.75	194.25
WO	Reinforced Steel Sword		34	38	185	205	War		585	523	0	0	34.2	37.8	36	195	185.25	204.75
WO	Frozen Greatsword		32	36	172	192	War		551	487	0	0	32.3	35.7	34	182	172.9	191.1
WO	Frozen Greatsword		35	39	180	200	War		590	527	0	0	35.15	38.85	37	190	180.5	199.5
WO	Frozen Greatsword		37	41	190	210	War		620	558	0	0	37.05	40.95	39	200	190	210
WO	Frozen Greatsword		38	44	199	221	War		661	578	0	0	38.95	43.05	41	210	199.5	220.5
WO	Bluefire Staff		33	37	175	195	Mage		564	501	0	0	33.25	36.75	35	185	175.75	194.25
WO	Bluefire Staff		36	40	190	210	Mage		610	548	0	0	36.1	39.9	38	200	190	210
WO	Bluefire Staff		39	45	204	226	Mage		676	594	0	0	39.9	44.1	42	215	204.25	225.75
WO	Bluefire Staff		42	48	218	242	Mage		722	638	0	0	42.75	47.25	45	230	218.5	241.5
WO	Diamond Encrusted Blade		36	40	185	205	War		605	543	0	0	36.1	39.9	38	195	185.25	204.75
WO	Diamond Encrusted Blade		38	44	196	218	War		658	575	0	0	38.95	43.05	41	207	196.65	217.35
WO	Diamond Encrusted Blade		40	46	208	230	War		690	608	0	0	40.85	45.15	43	219	208.05	229.95
WO	Diamond Encrusted Blade		42	48	218	242	War		722	638	0	0	42.75	47.25	45	230	218.5	241.5
WO	Dragon Slayer		39	45	204	226	War		676	594	0	0	39.9	44.1	42	215	204.25	225.75
WO	Dragon Slayer		42	48	215	239	War		719	635	0	0	42.75	47.25	45	227	215.65	238.35
WO	Dragon Slayer		44	50	227	251	War		751	667	0	0	44.65	49.35	47	239	227.05	250.95
WO	Dragon Slayer		46	52	237	263	War		783	697	0	0	46.55	51.45	49	250	237.5	262.5
WO	Crimson Spell Blade		37	41	194	216	Mage		626	563	0	0	37.05	40.95	39	205	194.75	215.25
WO	Crimson Spell Blade		40	46	209	231	Mage		691	609	0	0	40.85	45.15	43	220	209	231
WO	Crimson Spell Blade		44	50	223	247	Mage		747	663	0	0	44.65	49.35	47	235	223.25	246.75
WO	Crimson Spell Blade		46	52	237	263	Mage		783	697	0	0	46.55	51.45	49	250	237.5	262.5
WO	Onyx Spell Scythe		45	51	228	252	Mage		762	678	0	0	45.6	50.4	48	240	228	252
WO	Onyx Spell Scythe		49	55	247	273	Mage		823	737	0	0	49.4	54.6	52	260	247	273
WO	Onyx Spell Scythe		53	59	275	305	Mage		895	805	0	0	53.2	58.8	56	290	275.5	304.5
WO	Onyx Spell Scythe		57	63	304	336	Mage		966	874	0	0	57	63	60	320	304	336
WO	Mossy Greatsword		60	68	223	247	War		927	823	0	0	60.8	67.2	64	235	223.25	246.75
WO	Mossy Greatsword		64	72	237	263	War		983	877	0	0	64.6	71.4	68	250	237.5	262.5
WO	Mossy Greatsword		68	76	256	284	War		1044	936	0	0	68.4	75.6	72	270	256.5	283.5
WO	Mossy Greatsword		72	80	275	305	War		1105	995	0	0	72.2	79.8	76	290	275.5	304.5
WO	Hardened Ice Sword		50	56	247	273	War		833	747	0	0	50.35	55.65	53	260	247	273
WO	Hardened Ice Sword		52	58	266	294	War		874	786	0	0	52.25	57.75	55	280	266	294
WO	Hardened Ice Sword		54	60	285	315	War		915	825	0	0	54.15	59.85	57	300	285	315
WO	Hardened Ice Sword		56	62	304	336	War		956	864	0	0	56.05	61.95	59	320	304	336
WO	Water Spellblade		51	57	261	289	Mage		859	771	0	0	51.3	56.7	54	275	261.25	288.75
WO	Water Spellblade		55	61	289	321	Mage		931	839	0	0	55.1	60.9	58	305	289.75	320.25
WO	Water Spellblade		58	66	318	352	Mage		1012	898	0	0	58.9	65.1	62	335	318.25	351.75
WO	Water Spellblade		62	70	346	384	Mage		1084	966	0	0	62.7	69.3	66	365	346.75	383.25
WO	Twin Blade Slicer		53	59	275	305	War		895	805	0	0	53.2	58.8	56	290	275.5	304.5
WO	Twin Blade Slicer		55	61	294	326	War		936	844	0	0	55.1	60.9	58	310	294.5	325.5
WO	Twin Blade Slicer		57	63	313	347	War		977	883	0	0	57	63	60	330	313.5	346.5
WO	Twin Blade Slicer		58	66	332	368	War		1028	912	0	0	58.9	65.1	62	350	332.5	367.5
WO	Onyx Hammer		56	62	304	336	War		956	864	0	0	56.05	61.95	59	320	304	336
WO	Onyx Hammer		57	65	323	357	War		1007	893	0	0	57.95	64.05	61	340	323	357
WO	Onyx Hammer		59	67	342	378	War		1048	932	0	0	59.85	66.15	63	360	342	378
WO	Onyx Hammer		62	70	361	399	War		1099	981	0	0	62.7	69.3	66	380	361	399
WO	Arcane Greatstaff		57	63	304	336	Mage		966	874	0	0	57	63	60	320	304	336
WO	Arcane Greatstaff		60	68	332	368	Mage		1048	932	0	0	60.8	67.2	64	350	332.5	367.5
WO	Arcane Greatstaff		64	72	361	399	Mage		1119	1001	0	0	64.6	71.4	68	380	361	399
WO	Arcane Greatstaff		68	76	389	431	Mage		1191	1069	0	0	68.4	75.6	72	410	389.5	430.5
WO	Molten Maul		58	66	332	368	War		1028	912	0	0	58.9	65.1	62	350	332.5	367.5
WO	Molten Maul		60	68	351	389	War		1069	951	0	0	60.8	67.2	64	370	351.5	388.5
WO	Molten Maul		63	71	370	410	War		1120	1000	0	0	63.65	70.35	67	390	370.5	409.5
WO	Molten Maul		66	74	389	431	War		1171	1049	0	0	66.5	73.5	70	410	389.5	430.5
WO	King's Spellblade		66	74	370	410	Mage		1150	1030	0	0	66.5	73.5	70	390	370.5	409.5
WO	King's Spellblade		70	78	408	452	Mage		1232	1108	0	0	70.3	77.7	74	430	408.5	451.5
WO	King's Spellblade		74	82	446	494	Mage		1314	1186	0	0	74.1	81.9	78	470	446.5	493.5
WO	King's Spellblade		77	87	484	536	Mage		1406	1254	0	0	77.9	86.1	82	510	484.5	535.5
WO	Reinforced Ice Blade		64	72	370	410	War		1130	1010	0	0	64.6	71.4	68	390	370.5	409.5
WO	Reinforced Ice Blade		67	75	399	441	War		1191	1069	0	0	67.45	74.55	71	420	399	441
WO	Reinforced Ice Blade		70	78	427	473	War		1253	1127	0	0	70.3	77.7	74	450	427.5	472.5
WO	Reinforced Ice Blade		73	81	456	504	War		1314	1186	0	0	73.15	80.85	77	480	456	504
WO	Glacial Greatsword		68	76	413	457	War		1217	1093	0	0	68.4	75.6	72	435	413.25	456.75
WO	Glacial Greatsword		71	79	441	489	War		1279	1151	0	0	71.25	78.75	75	465	441.75	488.25
WO	Glacial Greatsword		74	82	470	520	War		1340	1210	0	0	74.1	81.9	78	495	470.25	519.75
WO	Glacial Greatsword		76	86	498	552	War		1412	1258	0	0	76.95	85.05	81	525	498.75	551.25
WO	Snow Elemental Staff		72	80	427	473	Mage		1273	1147	0	0	72.2	79.8	76	450	427.5	472.5
WO	Snow Elemental Staff		76	84	465	515	Mage		1355	1225	0	0	76	84	80	490	465.5	514.5
WO	Snow Elemental Staff		79	89	503	557	Mage		1447	1293	0	0	79.8	88.2	84	530	503.5	556.5
WO	Snow Elemental Staff		83	93	541	599	Mage		1529	1371	0	0	83.6	92.4	88	570	541.5	598.5
WO	Royal Slicer		87	97	456	504	War		1474	1326	0	0	87.4	96.6	92	480	456	504
WO	Royal Slicer		72	80	484	536	War		1336	1204	0	0	72.2	79.8	76	510	484.5	535.5
WO	Royal Slicer		75	83	513	567	War		1397	1263	0	0	75.05	82.95	79	540	513	567
WO	Royal Slicer		77	87	541	599	War		1469	1311	0	0	77.9	86.1	82	570	541.5	598.5
WO	King's Greatsword		76	84	498	552	War		1392	1258	0	0	76	84	80	525	498.75	551.25
WO	King's Greatsword		78	88	527	583	War		1463	1307	0	0	78.85	87.15	83	555	527.25	582.75
WO	King's Greatsword		81	91	555	615	War		1525	1365	0	0	81.7	90.3	86	585	555.75	614.25
WO	King's Greatsword		84	94	584	646	War		1586	1424	0	0	84.55	93.45	89	615	584.25	645.75
WO	Ice Queen Wand		77	87	484	536	Mage		1406	1254	0	0	77.9	86.1	82	510	484.5	535.5
WO	Ice Queen Wand		81	91	532	588	Mage		1498	1342	0	0	81.7	90.3	86	560	532	588
WO	Ice Queen Wand		85	95	579	641	Mage		1591	1429	0	0	85.5	94.5	90	610	579.5	640.5
WO	Ice Queen Wand		89	99	627	693	Mage		1683	1517	0	0	89.3	98.7	94	660	627	693
WO	Runic Hammer		79	89	541	599	War		1489	1331	0	0	79.8	88.2	84	570	541.5	598.5
WO	Runic Hammer		82	92	570	630	War		1550	1390	0	0	82.65	91.35	87	600	570	630
WO	Runic Hammer		85	95	598	662	War		1612	1448	0	0	85.5	94.5	90	630	598.5	661.5
WO	Runic Hammer		88	98	627	693	War		1673	1507	0	0	88.35	97.65	93	660	627	693
WO	Demonic Spellblade		85	95	598	662	Mage		1612	1448	0	0	85.5	94.5	90	630	598.5	661.5
WO	Demonic Spellblade		90	100	641	709	Mage		1709	1541	0	0	90.25	99.75	95	675	641.25	708.75
WO	Demonic Spellblade		95	105	684	756	Mage		1806	1634	0	0	95	105	100	720	684	756
WO	Demonic Spellblade		99	111	726	804	Mage		1914	1716	0	0	99.75	110.25	105	765	726.75	803.25
WO	Demonic Greatsword		102	114	769	851	War		1991	1789	0	0	102.6	113.4	108	810	769.5	850.5
WO	Demonic Greatsword		106	118	807	893	War		2073	1867	0	0	106.4	117.6	112	850	807.5	892.5
WO	Demonic Greatsword		110	122	845	935	War		2155	1945	0	0	110.2	121.8	116	890	845.5	934.5
WO	Demonic Greatsword		114	126	883	977	War		2237	2023	0	0	114	126	120	930	883.5	976.5
WO	Mighty Frozen Greatsword		85	95	598	662	War		1612	1448	0	0	85.5	94.5	90	630	598.5	661.5
WO	Mighty Frozen Greatsword		89	99	636	704	War		1694	1526	0	0	89.3	98.7	94	670	636.5	703.5
WO	Mighty Frozen Greatsword		93	103	674	746	War		1776	1604	0	0	93.1	102.9	98	710	674.5	745.5
WO	Mighty Frozen Greatsword		96	108	712	788	War		1868	1672	0	0	96.9	107.1	102	750	712.5	787.5
WO	Ice Reaver		93	103	660	730	Mage		1760	1590	0	0	93.1	102.9	98	695	660.25	729.75
WO	Ice Reaver		97	109	703	777	Mage		1867	1673	0	0	97.85	108.15	103	740	703	777
WO	Ice Reaver		102	114	745	825	Mage		1965	1765	0	0	102.6	113.4	108	785	745.75	824.25
WO	Ice Reaver		107	119	788	872	Mage		2062	1858	0	0	107.35	118.65	113	830	788.5	871.5
WO	Godsword		91	101	655	725	War		1735	1565	0	0	91.2	100.8	96	690	655.5	724.5
WO	Godsword		95	105	693	767	War		1817	1643	0	0	95	105	100	730	693.5	766.5
WO	Godsword		98	110	731	809	War		1909	1711	0	0	98.8	109.2	104	770	731.5	808.5
WO	Godsword		102	114	769	851	War		1991	1789	0	0	102.6	113.4	108	810	769.5	850.5
WO	Ice Infused Slicer		96	108	712	788	War		1868	1672	0	0	96.9	107.1	102	750	712.5	787.5
WO	Ice Infused Slicer		100	112	750	830	War		1950	1750	0	0	100.7	111.3	106	790	750.5	829.5
WO	Ice Infused Slicer		104	116	788	872	War		2032	1828	0	0	104.5	115.5	110	830	788.5	871.5
WO	Ice Infused Slicer		108	120	826	914	War		2114	1906	0	0	108.3	119.7	114	870	826.5	913.5
WO	Elder Void Wand		99	111	726	804	Mage		1914	1716	0	0	99.75	110.25	105	765	726.75	803.25
WO	Elder Void Wand		104	116	769	851	Mage		2011	1809	0	0	104.5	115.5	110	810	769.5	850.5
WO	Elder Void Wand		109	121	812	898	Mage		2108	1902	0	0	109.25	120.75	115	855	812.25	897.75
WO	Elder Void Wand		114	126	859	951	Mage		2211	1999	0	0	114	126	120	905	859.75	950.25
WO	Azerite Greatstaff		107	119	802	888	Mage		2078	1872	0	0	107.35	118.65	113	845	802.75	887.25
WO	Azerite Greatstaff		112	124	845	935	Mage		2175	1965	0	0	112.1	123.9	118	890	845.5	934.5
WO	Azerite Greatstaff		116	130	888	982	Mage		2282	2048	0	0	116.85	129.15	123	935	888.25	981.75
WO	Azerite Greatstaff		121	135	940	1040	Mage		2390	2150	0	0	121.6	134.4	128	990	940.5	1039.5
WO	Frozen Lord's Greatsword		108	120	826	914	War		2114	1906	0	0	108.3	119.7	114	870	826.5	913.5
WO	Frozen Lord's Greatsword		112	124	864	956	War		2196	1984	0	0	112.1	123.9	118	910	864.5	955.5
WO	Frozen Lord's Greatsword		115	129	902	998	War		2288	2052	0	0	115.9	128.1	122	950	902.5	997.5
WO	Frozen Lord's Greatsword		119	133	940	1040	War		2370	2130	0	0	119.7	132.3	126	990	940.5	1039.5
WO	Crystalised Greatsword		128	142	1092	1208	Legendary		2628	2372	0	0	128.25	141.75	135	1150	1092.5	1207.5
WO	Ice		10	12	17	19	DPS Armor	135	27	31	128	142	10.45	11.55	11	18	17.1	18.9
WO	Ice		12	14	19	23	DPS Armor	170	31	37	161	179	12.35	13.65	13	21	19.95	22.05
WO	Ice		14	16	22	26	DPS Armor	205	36	44	194	216	14.25	15.75	15	24	22.8	25.2
WO	Ice		16	18	25	29	DPS Armor	240	42	54	228	252	16.15	17.85	17	27	25.65	28.35
WO	Ice Guardian		10	12	380	420	Guardian		540	480	0	0	10.45	11.55	11	400	380	420
WO	Ice Guardian		12	14	427	473	Guardian		613	547	0	0	12.35	13.65	13	450	427.5	472.5
WO	Ice Guardian		14	16	475	525	Guardian		685	615	0	0	14.25	15.75	15	500	475	525
WO	Ice Guardian		16	18	522	578	Guardian		758	682	0	0	16.15	17.85	17	550	522.5	577.5
WO	Forgotten		17	19	28	32	DPS Armor	260	63	50	247	273	17.1	18.9	18	30	28.5	31.5
WO	Forgotten		19	21	32	36	DPS Armor	280	81	63	266	294	19	21	20	34	32.3	35.7
WO	Forgotten		20	24	36	40	DPS Armor	300	111	78	285	315	20.9	23.1	22	38	36.1	39.9
WO	Forgotten		22	26	39	45	DPS Armor	320	134	97	304	336	22.8	25.2	24	42	39.9	44.1
WO	Forgotten Guardian		17	19	570	630	Guardian		820	740	0	0	17.1	18.9	18	600	570	630
WO	Forgotten Guardian		19	21	627	693	Guardian		903	817	0	0	19	21	20	660	627	693
WO	Forgotten Guardian		20	24	684	756	Guardian		996	884	0	0	20.9	23.1	22	720	684	756
WO	Forgotten Guardian		22	26	741	819	Guardian		1079	961	0	0	22.8	25.2	24	780	741	819
WO	Plate		24	28	41	47	DPS Armor	340	154	112	323	357	24.7	27.3	26	44	41.8	46.2
WO	Plate		26	30	45	51	DPS Armor	370	185	134	351	389	26.6	29.4	28	48	45.6	50.4
WO	Plate		28	32	49	55	DPS Armor	400	223	161	380	420	28.5	31.5	30	52	49.4	54.6
WO	Plate		30	34	51	57	DPS Armor	430	253	185	408	452	30.4	33.6	32	54	51.3	56.7
WO	Ancient Plate		24	28	807	893	Guardian		1173	1047	0	0	24.7	27.3	26	850	807.5	892.5
WO	Ancient Plate		26	30	902	998	Guardian		1298	1162	0	0	26.6	29.4	28	950	902.5	997.5
WO	Ancient Plate		28	32	997	1103	Guardian		1423	1277	0	0	28.5	31.5	30	1050	997.5	1102.5
WO	Ancient Plate		30	34	1092	1208	Guardian		1548	1392	0	0	30.4	33.6	32	1150	1092.5	1207.5
WO	Elite (Warlord/Mage) Plate  		32	36	53	59	DPS Armor	460	283	213	437	483	32.3	35.7	34	56	53.2	58.8
WO	Elite (Warlord/Mage) Plate  		35	39	57	65	DPS Armor	500	338	263	475	525	35.15	38.85	37	61	57.95	64.05
WO	Elite (Warlord/Mage) Plate  		38	42	62	70	DPS Armor	540	383	318	513	567	38	42	40	66	62.7	69.3
WO	Elite (Warlord/Mage) Plate  		40	46	67	75	DPS Armor	580	440	353	551	609	40.85	45.15	43	71	67.45	74.55
WO	Elite Ancient Plate		32	36	1140	1260	Guardian		1620	1460	0	0	32.3	35.7	34	1200	1140	1260
WO	Elite Ancient Plate		35	39	1282	1418	Guardian		1808	1632	0	0	35.15	38.85	37	1350	1282.5	1417.5
WO	Elite Ancient Plate		38	42	1425	1575	Guardian		1995	1805	0	0	38	42	40	1500	1425	1575
WO	Elite Ancient Plate		40	46	1567	1733	Guardian		2193	1967	0	0	40.85	45.15	43	1650	1567.5	1732.5
WO	Ice King's		42	48	71	79	DPS Armor	600	473	388	570	630	42.75	47.25	45	75	71.25	78.75
WO	Ice King's		46	52	76	84	DPS Armor	650	528	443	617	683	46.55	51.45	49	80	76	84
WO	Ice King's		50	56	80	90	DPS Armor	700	583	498	665	735	50.35	55.65	53	85	80.75	89.25
WO	Ice King's		54	60	85	95	DPS Armor	750	634	550	712	788	54.15	59.85	57	90	85.5	94.5
WO	Ice King's Guardian		42	48	1662	1838	Guardian		2318	2082	0	0	42.75	47.25	45	1750	1662.5	1837.5
WO	Ice King's Guardian		46	52	1852	2048	Guardian		2568	2312	0	0	46.55	51.45	49	1950	1852.5	2047.5
WO	Ice King's Guardian		50	56	2042	2258	Guardian		2818	2542	0	0	50.35	55.65	53	2150	2042.5	2257.5
WO	Ice King's Guardian		54	60	2232	2468	Guardian		3068	2772	0	0	54.15	59.85	57	2350	2232.5	2467.5
PI	Stone Strongsword		117	131	883	977	War		2287	2053	0	0	117.8	130.2	124	930	883.5	976.5
PI	Stone Strongsword		123	137	931	1029	War		2399	2161	0	0	123.5	136.5	130	980	931	1029
PI	Stone Strongsword		129	143	978	1082	War		2512	2268	0	0	129.2	142.8	136	1030	978.5	1081.5
Pi	Stone Strongsword		134	150	1026	1134	War		2634	2366	0	0	134.9	149.1	142	1080	1026	1134
PI	Ruby Staff		117	131	883	977	Mage		2287	2053	0	0	117.8	130.2	124	930	883.5	976.5
PI	Ruby Staff		124	138	940	1040	Mage		2420	2180	0	0	124.45	137.55	131	990	940.5	1039.5
PI	Ruby Staff		131	145	997	1103	Mage		2553	2307	0	0	131.1	144.9	138	1050	997.5	1102.5
PI	Ruby Staff		137	153	1054	1166	Mage		2696	2424	0	0	137.75	152.25	145	1110	1054.5	1165.5
PI	Mighty Flatblade		131	145	997	1103	War		2553	2307	0	0	131.1	144.9	138	1050	997.5	1102.5
PI	Mighty Flatblade		136	152	1045	1155	War		2675	2405	0	0	136.8	151.2	144	1100	1045	1155
PI	Mighty Flatblade		142	158	1092	1208	War		2788	2512	0	0	142.5	157.5	150	1150	1092.5	1207.5
PI	Mighty Flatblade		148	164	1140	1260	War		2900	2620	0	0	148.2	163.8	156	1200	1140	1260
PI	Holy Wand		128	142	969	1071	Mage		2491	2249	0	0	128.25	141.75	135	1020	969	1071
PI	Holy Wand		135	151	1035	1145	Mage		2655	2385	0	0	135.85	150.15	143	1090	1035.5	1144.5
PI	Holy Wand		142	158	1102	1218	Mage		2798	2522	0	0	142.5	157.5	150	1160	1102	1218
PI	Holy Wand		149	165	1168	1292	Mage		2942	2658	0	0	149.15	164.85	157	1230	1168.5	1291.5
PI	Molten Blade		138	154	1073	1187	War		2727	2453	0	0	138.7	153.3	146	1130	1073.5	1186.5
PI	Molten Blade		144	160	1130	1250	War		2850	2570	0	0	144.4	159.6	152	1190	1130.5	1249.5
PI	Molten Blade		150	166	1187	1313	War		2973	2687	0	0	150.1	165.9	158	1250	1187.5	1312.5
PI	Molten Blade		155	173	1244	1376	War		3106	2794	0	0	155.8	172.2	164	1310	1244.5	1375.5
PI	Arcane Orb Staff		140	156	1073	1187	Mage		2747	2473	0	0	140.6	155.4	148	1130	1073.5	1186.5
PI	Arcane Orb Staff		147	163	1149	1271	Mage		2901	2619	0	0	147.25	162.75	155	1210	1149.5	1270.5
PI	Arcane Orb Staff		153	171	1235	1365	Mage		3075	2765	0	0	153.9	170.1	162	1300	1235	1365
PI	Arcane Orb Staff		160	178	1320	1460	Mage		3240	2920	0	0	160.55	177.45	169	1390	1320.5	1459.5
PI	Cultist Blade		146	162	1159	1281	Mage		2901	2619	0	0	146.3	161.7	154	1220	1159	1281
PI	Cultist Blade		152	170	1225	1355	Mage		3055	2745	0	0	152.95	169.05	161	1290	1225.5	1354.5
PI	Cultist Blade		158	176	1292	1428	Mage		3188	2872	0	0	158.65	175.35	167	1360	1292	1428
PI	Cultist Blade		163	181	1358	1502	Mage		3312	2988	0	0	163.4	180.6	172	1430	1358.5	1501.5
PI	Empowered Crystal Blade		156	174	1263	1397	War		3137	2823	0	0	156.75	173.25	165	1330	1263.5	1396.5
PI	Empowered Crystal Blade		163	181	1330	1470	War		3280	2960	0	0	163.4	180.6	172	1400	1330	1470
PI	Empowered Crystal Blade		170	188	1406	1554	War		3434	3106	0	0	170.05	187.95	179	1480	1406	1554
PI	Empowered Crystal Blade		176	196	1482	1638	War		3598	3242	0	0	176.7	195.3	186	1560	1482	1638
PI	Greater Dark Scythe		151	167	1197	1323	Mage		2993	2707	0	0	151.05	166.95	159	1260	1197	1323
PI	Greater Dark Scythe		159	177	1292	1428	Mage		3198	2882	0	0	159.6	176.4	168	1360	1292	1428
PI	Greater Dark Scythe		168	186	1387	1533	Mage		3393	3067	0	0	168.15	185.85	177	1460	1387	1533
PI	Greater Dark Scythe		176	196	1482	1638	Mage		3598	3242	0	0	176.7	195.3	186	1560	1482	1638
PI	Tenplar Blade		164	182	1330	1470	War		3290	2970	0	0	164.35	181.65	173	1400	1330	1470
PI	Tenplar Blade		170	188	1415	1565	War		3445	3115	0	0	170.05	187.95	179	1490	1415.5	1564.5
PI	Tenplar Blade		176	196	1501	1659	War		3619	3261	0	0	176.7	195.3	186	1580	1501	1659
PI	Tenplar Blade		182	202	1586	1754	War		3774	3406	0	0	182.4	201.6	192	1670	1586.5	1753.5
PI	Earth Wand		163	181	1339	1481	Mage		3291	2969	0	0	163.4	180.6	172	1410	1339.5	1480.5
PI	Earth Wand		171	189	1425	1575	Mage		3465	3135	0	0	171	189	180	1500	1425	1575
PI	Earth Wand		178	198	1510	1670	Mage		3650	3290	0	0	178.6	197.4	188	1590	1510.5	1669.5
PI	Earth Wand		186	206	1596	1764	Mage		3824	3456	0	0	186.2	205.8	196	1680	1596	1764
PI	Ocean Splitter		172	192	1472	1628	War		3548	3192	0	0	172.9	191.1	182	1550	1472.5	1627.5
PI	Ocean Splitter		180	200	1586	1754	War		3754	3386	0	0	180.5	199.5	190	1670	1586.5	1753.5
PI	Ocean Splitter		188	208	1700	1880	War		3960	3580	0	0	188.1	207.9	198	1790	1700.5	1879.5
PI	Ocean Splitter		195	217	1814	2006	War		4176	3764	0	0	195.7	216.3	206	1910	1814.5	2005.5
PI	Solar Staff		175	195	1472	1628	Mage		3578	3222	0	0	175.75	194.25	185	1550	1472.5	1627.5
PI	Solar Staff		185	205	1577	1743	Mage		3793	3427	0	0	185.25	204.75	195	1660	1577	1743
PI	Solar Staff		194	216	1681	1859	Mage		4019	3621	0	0	194.75	215.25	205	1770	1681.5	1858.5
PI	Solar Staff		204	226	1786	1974	Mage		4234	3826	0	0	204.25	225.75	215	1880	1786	1974
PI	Onyx Empowered Greatsword		185	205	1634	1806	War		3856	3484	0	0	185.25	204.75	195	1720	1634	1806
PI	Onyx Empowered Greatsword		193	215	1748	1932	War		4082	3678	0	0	193.8	214.2	204	1840	1748	1932
PI	Onyx Empowered Greatsword		202	224	1862	2058	War		4298	3882	0	0	202.35	223.65	213	1960	1862	2058
PI	Onyx Empowered Greatsword		210	234	1976	2184	War		4524	4076	0	0	210.9	233.1	222	2080	1976	2184
PI	Angelic Staff		190	210	1624	1796	Mage		3896	3524	0	0	190	210	200	1710	1624.5	1795.5
PI	Angelic Staff		201	223	1748	1932	Mage		4162	3758	0	0	201.4	222.6	212	1840	1748	1932
PI	Angelic Staff		212	236	1871	2069	Mage		4429	3991	0	0	212.8	235.2	224	1970	1871.5	2068.5
PI	Angelic Staff		224	248	1995	2205	Mage		4685	4235	0	0	224.2	247.8	236	2100	1995	2205
PI	Devilish Greataxe		197	219	1824	2016	War		4206	3794	0	0	197.6	218.4	208	1920	1824	2016
PI	Devilish Greataxe		207	229	1938	2142	War		4432	4008	0	0	207.1	228.9	218	2040	1938	2142
PI	Devilish Greataxe		216	240	2071	2289	War		4689	4231	0	0	216.6	239.4	228	2180	2071	2289
PI	Devilish Greataxe		226	250	2204	2436	War		4936	4464	0	0	226.1	249.9	238	2320	2204	2436
PI	Dark Priest Staff		207	229	1843	2037	Mage		4327	3913	0	0	207.1	228.9	218	1940	1843	2037
PI	Dark Priest Staff		218	242	2004	2216	Mage		4636	4184	0	0	218.5	241.5	230	2110	2004.5	2215.5
PI	Dark Priest Staff		229	255	2166	2394	Mage		4944	4456	0	0	229.9	254.1	242	2280	2166	2394
PI	Dark Priest Staff		241	267	2337	2583	Mage		5253	4747	0	0	241.3	266.7	254	2460	2337	2583
PI	Titan's Greataxe		212	236	1995	2205	War		4565	4115	0	0	212.8	235.2	224	2100	1995	2205
PI	Titan's Greataxe		224	248	2147	2373	War		4853	4387	0	0	224.2	247.8	236	2260	2147	2373
PI	Titan's Greataxe		235	261	2299	2541	War		5151	4649	0	0	235.6	260.4	248	2420	2299	2541
PI	Titan's Greataxe		247	273	2451	2709	War		5439	4921	0	0	247	273	260	2580	2451	2709
PI	Greater Prophet Staff		228	252	2147	2373	Mage		4893	4427	0	0	228	252	240	2260	2147	2373
PI	Greater Prophet Staff		244	270	2375	2625	Mage		5325	4815	0	0	244.15	269.85	257	2500	2375	2625
PI	Greater Prophet Staff		258	286	2584	2856	Mage		5716	5164	0	0	258.4	285.6	272	2720	2584	2856
PI	Greater Prophet Staff		275	305	2812	3108	Mage		6158	5562	0	0	275.5	304.5	290	2960	2812	3108
PI	Molten Greataxe		231	257	2242	2478	War		5048	4552	0	0	231.8	256.2	244	2360	2242	2478
PI	Molten Greataxe		247	273	2432	2688	War		5418	4902	0	0	247	273	260	2560	2432	2688
PI	Molten Greataxe		261	289	2622	2898	War		5788	5232	0	0	261.25	288.75	275	2760	2622	2898
PI	Molten Greataxe		275	305	2812	3108	War		6158	5562	0	0	275.5	304.5	290	2960	2812	3108
PI	Pirate King's		57	63	80	90	DPS Armor	1100	720	650	1045	1155	57	63	60	85	80.75	89.25
PI	Pirate King's		64	72	90	100	DPS Armor	1200	820	730	1140	1260	64.6	71.4	68	95	90.25	99.75
PI	Pirate King's		72	80	99	111	DPS Armor	1300	911	819	1235	1365	72.2	79.8	76	105	99.75	110.25
PI	Pirate King's		79	89	109	121	DPS Armor	1400	1011	899	1330	1470	79.8	88.2	84	115	109.25	120.75
PI	Pirate King's Guardian		32	36	2850	3150	Guardian		3510	3170	0	0	32.3	35.7	34	3000	2850	3150
PI	Pirate King's Guardian		57	63	3135	3465	Guardian		4095	3705	0	0	57	63	60	3300	3135	3465
PI	Pirate King's Guardian		64	72	3420	3780	Guardian		4500	4060	0	0	64.6	71.4	68	3600	3420	3780
PI	Pirate King's Guardian		72	80	3705	4095	Guardian		4895	4425	0	0	72.2	79.8	76	3900	3705	4095
PI	Angelic/Infernal		70	78	80	90	DPS Armor	1800	870	780	1710	1890	70.3	77.7	74	85	80.75	89.25
PI	Angelic/Infernal		80	90	99	111	DPS Armor	2000	1011	899	1900	2100	80.75	89.25	85	105	99.75	110.25
PI	Angelic/Infernal		91	101	118	132	DPS Armor	2200	1142	1028	2090	2310	91.2	100.8	96	125	118.75	131.25
PI	Angelic/Infernal		101	113	137	153	DPS Armor	2400	1283	1147	2280	2520	101.65	112.35	107	145	137.75	152.25
PI	Void Plate		70	78	3800	4200	Guardian		4980	4500	0	0	70.3	77.7	74	4000	3800	4200
PI	Void Plate		80	90	4275	4725	Guardian		5625	5075	0	0	80.75	89.25	85	4500	4275	4725
PI	Void Plate		91	101	4750	5250	Guardian		6260	5660	0	0	91.2	100.8	96	5000	4750	5250
PI	Void Plate		101	113	5225	5775	Guardian		6905	6235	0	0	101.65	112.35	107	5500	5225	5775
PI	Godly		95	105	142	158	DPS Armor	2600	1198	1075	2470	2730	95	105	100	150	142.5	157.5
PI	Godly		104	116	161	179	DPS Armor	2800	1335	1193	2660	2940	104.5	115.5	110	170	161.5	178.5
PI	Godly		114	126	180	200	DPS Armor	3000	1460	1317	2850	3150	114	126	120	190	180.5	199.5
PI	Godly		123	137	199	221	DPS Armor	3200	1591	1428	3040	3360	123.5	136.5	130	210	199.5	220.5
PI	Godly Guardian		95	105	5415	5985	Guardian		7035	6365	0	0	95	105	100	5700	5415	5985
PI	Godly Guardian		104	116	5890	6510	Guardian		7670	6930	0	0	104.5	115.5	110	6200	5890	6510
PI	Godly Guardian		114	126	6365	7035	Guardian		8295	7505	0	0	114	126	120	6700	6365	7035
PI	Godly Guardian		123	137	6935	7665	Guardian		9035	8165	0	0	123.5	136.5	130	7300	6935	7665
PI	Soulstealer Greatsword		332	368	3277	3623	War Legend		7303	6597	0	0	332.5	367.5	350	3450	3277.5	3622.5
PI	Staff of the Gods		332	368	3277	3623	Mage Legend		7303	6597	0	0	332.5	367.5	350	3450	3277.5	3622.5
KC	Goblin Cleaver		232	258	2299	2541	War		5121	4619	0	0	232.75	257.25	245	2420	2299	2541
KC	Goblin Cleaver		247	275	2489	2751	War		5501	4959	0	0	247.95	274.05	261	2620	2489	2751
KC	Goblin Cleaver		263	291	2679	2961	War		5871	5309	0	0	263.15	290.85	277	2820	2679	2961
KC	Goblin Cleaver		280	310	2869	3171	War		6271	5669	0	0	280.25	309.75	295	3020	2869	3171
KC	Tribal Staff		232	258	2299	2541	Mage		5121	4619	0	0	232.75	257.25	245	2420	2299	2541
KC	Tribal Staff		247	275	2489	2751	Mage		5501	4959	0	0	247.95	274.05	261	2620	2489	2751
KC	Tribal Staff		263	291	2679	2961	Mage		5871	5309	0	0	263.15	290.85	277	2820	2679	2961
KC	Tribal Staff		280	310	2869	3171	Mage		6271	5669	0	0	280.25	309.75	295	3020	2869	3171
KC	Dual Cutlasses		256	284	2584	2856	War		5696	5144	0	0	256.5	283.5	270	2720	2584	2856
KC	Dual Cutlasses		285	315	2850	3150	War		6300	5700	0	0	285	315	300	3000	2850	3150
KC	Dual Cutlasses		304	336	3116	3444	War		6804	6156	0	0	304	336	320	3280	3116	3444
KC	Dual Cutlasses		323	357	3382	3738	War		7308	6612	0	0	323	357	340	3560	3382	3738
KC	Eagle Staff		256	284	2584	2856	Mage		5696	5144	0	0	256.5	283.5	270	2720	2584	2856
KC	Eagle Staff		285	315	2850	3150	Mage		6300	5700	0	0	285	315	300	3000	2850	3150
KC	Eagle Staff		304	336	3116	3444	Mage		6804	6156	0	0	304	336	320	3280	3116	3444
KC	Eagle Staff		323	357	3382	3738	Mage		7308	6612	0	0	323	357	340	3560	3382	3738
KC	Beast Cleaver		299	331	3040	3360	War		6670	6030	0	0	299.25	330.75	315	3200	3040	3360
KC	Beast Cleaver		313	347	3372	3728	War		7198	6502	0	0	313.5	346.5	330	3550	3372.5	3727.5
KC	Beast Cleaver		332	368	3610	3990	War		7670	6930	0	0	332.5	367.5	350	3800	3610	3990
KC	Beast Cleaver		351	389	3942	4358	War		8248	7452	0	0	351.5	388.5	370	4150	3942.5	4357.5
KC	Infernal Sun Staff		299	331	3040	3360	Mage		6670	6030	0	0	299.25	330.75	315	3200	3040	3360
KC	Infernal Sun Staff		313	347	3372	3728	Mage		7198	6502	0	0	313.5	346.5	330	3550	3372.5	3727.5
KC	Infernal Sun Staff		332	368	3610	3990	Mage		7670	6930	0	0	332.5	367.5	350	3800	3610	3990
KC	Infernal Sun Staff		351	389	3942	4358	Mage		8248	7452	0	0	351.5	388.5	370	4150	3942.5	4357.5
KC	Dual Royal Axes		323	357	3467	3833	War		7403	6697	0	0	323	357	340	3650	3467.5	3832.5
KC	Dual Royal Axes		342	378	3895	4305	War		8085	7315	0	0	342	378	360	4100	3895	4305
KC	Dual Royal Axes		361	399	4275	4725	War		8715	7885	0	0	361	399	380	4500	4275	4725
KC	Dual Royal Axes		380	420	4655	5145	War		9345	8455	0	0	380	420	400	4900	4655	5145
KC	Elven Staff		323	357	3467	3833	Mage		7403	6697	0	0	323	357	340	3650	3467.5	3832.5
KC	Elven Staff		342	378	3895	4305	Mage		8085	7315	0	0	342	378	360	4100	3895	4305
KC	Elven Staff		361	399	4275	4725	Mage		8715	7885	0	0	361	399	380	4500	4275	4725
KC	Elven Staff		380	420	4655	5145	Mage		9345	8455	0	0	380	420	400	4900	4655	5145
KC	Heavenly Greatsword		380	420	4180	4620	War		8820	7980	0	0	380	420	400	4400	4180	4620
KC	Heavenly Greatsword		418	462	4655	5145	War		9765	8835	0	0	418	462	440	4900	4655	5145
KC	Heavenly Greatsword		456	504	5130	5670	War		10710	9690	0	0	456	504	480	5400	5130	5670
KC	Heavenly Greatsword		494	546	5605	6195	War		11655	10545	0	0	494	546	520	5900	5605	6195
KC	Apothecary Staff		380	420	4180	4620	Mage		8820	7980	0	0	380	420	400	4400	4180	4620
KC	Apothecary Staff		418	462	4655	5145	Mage		9765	8835	0	0	418	462	440	4900	4655	5145
KC	Apothecary Staff		456	504	5130	5670	Mage		10710	9690	0	0	456	504	480	5400	5130	5670
KC	Apothecary Staff		494	546	5605	6195	Mage		11655	10545	0	0	494	546	520	5900	5605	6195
KC	High Priest Battleaxe		437	483	4940	5460	War		10290	9310	0	0	437	483	460	5200	4940	5460
KC	High Priest Battleaxe		475	525	5320	5880	War		11130	10070	0	0	475	525	500	5600	5320	5880
KC	High Priest Battleaxe		494	546	5700	6300	War		11760	10640	0	0	494	546	520	6000	5700	6300
KC	High Priest Battleaxe		513	567	6080	6720	War		12390	11210	0	0	513	567	540	6400	6080	6720
KC	Moonlight Staff		437	483	4940	5460	Mage		10290	9310	0	0	437	483	460	5200	4940	5460
KC	Moonlight Staff		475	525	5320	5880	Mage		11130	10070	0	0	475	525	500	5600	5320	5880
KC	Moonlight Staff		494	546	5700	6300	Mage		11760	10640	0	0	494	546	520	6000	5700	6300
KC	Moonlight Staff		513	567	6080	6720	Mage		12390	11210	0	0	513	567	540	6400	6080	6720
KC	Etheral Greataxe		484	536	5510	6090	War		11450	10350	0	0	484.5	535.5	510	5800	5510	6090
KC	Etheral Greataxe		508	562	5985	6615	War		12235	11065	0	0	508.25	561.75	535	6300	5985	6615
KC	Etheral Greataxe		527	583	6460	7140	War		12970	11730	0	0	527.25	582.75	555	6800	6460	7140
KC	Etheral Greataxe		546	604	6935	7665	War		13705	12395	0	0	546.25	603.75	575	7300	6935	7665
KC	Sunight Staff		484	536	5510	6090	Mage		11450	10350	0	0	484.5	535.5	510	5800	5510	6090
KC	Sunight Staff		508	562	5985	6615	Mage		12235	11065	0	0	508.25	561.75	535	6300	5985	6615
KC	Sunight Staff		527	583	6460	7140	Mage		12970	11730	0	0	527.25	582.75	555	6800	6460	7140
KC	Sunight Staff		546	604	6935	7665	Mage		13705	12395	0	0	546.25	603.75	575	7300	6935	7665
KC	Dual Frozen Blades		513	567	6270	6930	War		12600	11400	0	0	513	567	540	6600	6270	6930
KC	Dual Frozen Blades		541	599	6745	7455	War		13445	12155	0	0	541.5	598.5	570	7100	6745	7455
KC	Dual Frozen Blades		570	630	7220	7980	War		14280	12920	0	0	570	630	600	7600	7220	7980
KC	Dual Frozen Blades		598	662	7695	8505	War		15125	13675	0	0	598.5	661.5	630	8100	7695	8505
KC	Celestial Fire Staff		513	567	6270	6930	Mage		12600	11400	0	0	513	567	540	6600	6270	6930
KC	Celestial Fire Staff		541	599	6745	7455	Mage		13445	12155	0	0	541.5	598.5	570	7100	6745	7455
KC	Celestial Fire Staff		570	630	7220	7980	Mage		14280	12920	0	0	570	630	600	7600	7220	7980
KC	Celestial Fire Staff		598	662	7695	8505	Mage		15125	13675	0	0	598.5	661.5	630	8100	7695	8505
KC	Dual Infernal Slicers		555	615	7030	7770	War		13920	12580	0	0	555.75	614.25	585	7400	7030	7770
KC	Dual Infernal Slicers		584	646	7695	8505	War		14965	13535	0	0	584.25	645.75	615	8100	7695	8505
KC	Dual Infernal Slicers		612	678	8360	9240	War		16020	14480	0	0	612.75	677.25	645	8800	8360	9240
KC	Dual Infernal Slicers		636	704	9025	9975	War		17015	15385	0	0	636.5	703.5	670	9500	9025	9975
KC	Arclight Battlestaff		555	615	7030	7770	Mage		13920	12580	0	0	555.75	614.25	585	7400	7030	7770
KC	Arclight Battlestaff		584	646	7695	8505	Mage		14965	13535	0	0	584.25	645.75	615	8100	7695	8505
KC	Arclight Battlestaff		612	678	8360	9240	Mage		16020	14480	0	0	612.75	677.25	645	8800	8360	9240
KC	Arclight Battlestaff		636	704	9025	9975	Mage		17015	15385	0	0	636.5	703.5	670	9500	9025	9975
KC	Dual Jade Daggers		608	672	8265	9135	War		15855	14345	0	0	608	672	640	8700	8265	9135
KC	Dual Jade Daggers		641	709	9025	9975	War		17065	15435	0	0	641.25	708.75	675	9500	9025	9975
KC	Dual Jade Daggers		674	746	9975	11025	War		18485	16715	0	0	674.5	745.5	710	10500	9975	11025
KC	Dual Jade Daggers		712	788	10925	12075	War		19955	18045	0	0	712.5	787.5	750	11500	10925	12075
KC	Fire Ice Staff		608	672	8265	9135	Mage		15855	14345	0	0	608	672	640	8700	8265	9135
KC	Fire Ice Staff		641	709	9025	9975	Mage		17065	15435	0	0	641.25	708.75	675	9500	9025	9975
KC	Fire Ice Staff		674	746	9975	11025	Mage		18485	16715	0	0	674.5	745.5	710	10500	9975	11025
KC	Fire Ice Staff		712	788	10925	12075	Mage		19955	18045	0	0	712.5	787.5	750	11500	10925	12075
KC	Barbaric		109	121	190	210	DPS Armor	2800	1420	1280	2660	2940	109.25	120.75	115	200	190	210
KC	Barbaric		128	142	228	252	DPS Armor	3300	1672	1508	3135	3465	128.25	141.75	135	240	228	252
KC	Barbaric		147	163	266	294	DPS Armor	3700	1924	1736	3515	3885	147.25	162.75	155	280	266	294
KC	Barbaric		166	184	304	336	DPS Armor	4100	2176	1964	3895	4305	166.25	183.75	175	320	304	336
KC	Barbaric Guardian		109	121	5890	6510	Guardian		7720	6980	0	0	109.25	120.75	115	6200	5890	6510
KC	Barbaric Guardian		128	142	6555	7245	Guardian		8665	7835	0	0	128.25	141.75	135	6900	6555	7245
KC	Barbaric Guardian		147	163	7220	7980	Guardian		9610	8690	0	0	147.25	162.75	155	7600	7220	7980
KC	Barbaric Guardian		166	184	7885	8715	Guardian		10555	9545	0	0	166.25	183.75	175	8300	7885	8715
KC	Beastly / Arch-Mage		171	189	332	368	DPS Armor	4300	2258	2042	4085	4515	171	189	180	350	332.5	367.5
KC	Beastly / Arch-Mage		190	210	370	410	DPS Armor	4550	2510	2270	4322	4778	190	210	200	390	370.5	409.5
KC	Beastly / Arch-Mage		209	231	418	462	DPS Armor	4800	2772	2508	4560	5040	209	231	220	440	418	462
KC	Beastly / Arch-Mage		228	252	465	515	DPS Armor	5200	3035	2745	4940	5460	228	252	240	490	465.5	514.5
KC	Beastly Guardian		171	189	7980	8820	Guardian		10710	9690	0	0	171	189	180	8400	7980	8820
KC	Beastly Guardian		190	210	8930	9870	Guardian		11970	10830	0	0	190	210	200	9400	8930	9870
KC	Beastly Guardian		209	231	9880	10920	Guardian		13230	11970	0	0	209	231	220	10400	9880	10920
KC	Beastly Guardian		228	252	10830	11970	Guardian		14490	13110	0	0	228	252	240	11400	10830	11970
KC	Titan-Forged		209	231	427	473	DPS Armor	4500	2783	2517	4275	4725	209	231	220	450	427.5	472.5
KC	Titan-Forged		232	258	503	557	DPS Armor	4800	3137	2823	4560	5040	232.75	257.25	245	530	503.5	556.5
KC	Titan-Forged		256	284	579	641	DPS Armor	5200	3481	3139	4940	5460	256.5	283.5	270	610	579.5	640.5
KC	Titan-Forged		285	315	655	725	DPS Armor	5600	3875	3505	5320	5880	285	315	300	690	655.5	724.5
KC	Titan-Forged Guardian		209	231	10355	11445	Guardian		13755	12445	0	0	209	231	220	10900	10355	11445
KC	Titan-Forged Guardian		232	258	11685	12915	Guardian		15495	14005	0	0	232.75	257.25	245	12300	11685	12915
KC	Titan-Forged Guardian		256	284	13300	14700	Guardian		17540	15860	0	0	256.5	283.5	270	14000	13300	14700
KC	Titan-Forged Guardian		285	315	15200	16800	Guardian		19950	18050	0	0	285	315	300	16000	15200	16800
KC	Beast Master War Scythe		807	893	13300	14700	War Legend		23630	21370	0	0	807.5	892.5	850	14000	13300	14700
KC	Beast Master Spell Scythe		807	893	13300	14700	Mage Legend		23630	21370	0	0	807.5	892.5	850	14000	13300	14700
UW	Dual Sapphire Slicers		665	735	9215	10185	War		17535	15865	0	0	665	735	700	9700	9215	10185
UW	Dual Sapphire Slicers		703	777	9690	10710	War		18480	16720	0	0	703	777	740	10200	9690	10710
UW	Dual Sapphire Slicers		741	819	10165	11235	War		19425	17575	0	0	741	819	780	10700	10165	11235
UW	Dual Sapphire Slicers		779	861	10640	11760	War		20370	18430	0	0	779	861	820	11200	10640	11760
UW	Sapphire Greatstaff		665	735	9215	10185	Mage		17535	15865	0	0	665	735	700	9700	9215	10185
UW	Sapphire Greatstaff		703	777	9690	10710	Mage		18480	16720	0	0	703	777	740	10200	9690	10710
UW	Sapphire Greatstaff		741	819	10165	11235	Mage		19425	17575	0	0	741	819	780	10700	10165	11235
UW	Sapphire Greatstaff		779	861	10640	11760	Mage		20370	18430	0	0	779	861	820	11200	10640	11760
UW	Blacksteel Greatsword		741	819	10260	11340	War		19530	17670	0	0	741	819	780	10800	10260	11340
UW	Blacksteel Greatsword		779	861	11210	12390	War		21000	19000	0	0	779	861	820	11800	11210	12390
UW	Blacksteel Greatsword		817	903	12160	13440	War		22470	20330	0	0	817	903	860	12800	12160	13440
UW	Blacksteel Greatsword		855	945	13110	14490	War		23940	21660	0	0	855	945	900	13800	13110	14490
UW	Luminous Greatstaff		741	819	10260	11340	Mage		19530	17670	0	0	741	819	780	10800	10260	11340
UW	Luminous Greatstaff		779	861	11210	12390	Mage		21000	19000	0	0	779	861	820	11800	11210	12390
UW	Luminous Greatstaff		817	903	12160	13440	Mage		22470	20330	0	0	817	903	860	12800	12160	13440
UW	Luminous Greatstaff		855	945	13110	14490	Mage		23940	21660	0	0	855	945	900	13800	13110	14490
UW	Dual Flatblade Slicers		817	903	12160	13440	War		22470	20330	0	0	817	903	860	12800	12160	13440
UW	Dual Flatblade Slicers		855	945	13110	14490	War		23940	21660	0	0	855	945	900	13800	13110	14490
UW	Dual Flatblade Slicers		893	987	14060	15540	War		25410	22990	0	0	893	987	940	14800	14060	15540
UW	Dual Flatblade Slicers		931	1029	15010	16590	War		26880	24320	0	0	931	1029	980	15800	15010	16590
UW	Hope's Triumph		817	903	12160	13440	Mage		22470	20330	0	0	817	903	860	12800	12160	13440
UW	Hope's Triumph		855	945	13110	14490	Mage		23940	21660	0	0	855	945	900	13800	13110	14490
UW	Hope's Triumph		893	987	14060	15540	Mage		25410	22990	0	0	893	987	940	14800	14060	15540
UW	Hope's Triumph		931	1029	15010	16590	Mage		26880	24320	0	0	931	1029	980	15800	15010	16590
UW	Royal Crimson Greatsword		893	987	14060	15540	War		25410	22990	0	0	893	987	940	14800	14060	15540
UW	Royal Crimson Greatsword		931	1029	15010	16590	War		26880	24320	0	0	931	1029	980	15800	15010	16590
UW	Royal Crimson Greatsword		969	1071	15960	17640	War		28350	25650	0	0	969	1071	1020	16800	15960	17640
UW	Royal Crimson Greatsword		1007	1113	16910	18690	War		29820	26980	0	0	1007	1113	1060	17800	16910	18690
UW	Dragon's Claw Scythe		893	987	14060	15540	Mage		25410	22990	0	0	893	987	940	14800	14060	15540
UW	Dragon's Claw Scythe		931	1029	15010	16590	Mage		26880	24320	0	0	931	1029	980	15800	15010	16590
UW	Dragon's Claw Scythe		969	1071	15960	17640	Mage		28350	25650	0	0	969	1071	1020	16800	15960	17640
UW	Dragon's Claw Scythe		1007	1113	16910	18690	Mage		29820	26980	0	0	1007	1113	1060	17800	16910	18690
UW	Dual Ancient Daggers		969	1071	15960	17640	War		28350	25650	0	0	969	1071	1020	16800	15960	17640
UW	Dual Ancient Daggers		997	1103	16435	18165	War		29195	26405	0	0	997.5	1102.5	1050	17300	16435	18165
UW	Dual Ancient Daggers		1026	1134	16910	18690	War		30030	27170	0	0	1026	1134	1080	17800	16910	18690
UW	Dual Ancient Daggers		1054	1166	17385	19215	War		30875	27925	0	0	1054.5	1165.5	1110	18300	17385	19215
UW	Timelost Spellblade		969	1071	15960	17640	Mage		28350	25650	0	0	969	1071	1020	16800	15960	17640
UW	Timelost Spellblade		997	1103	16435	18165	Mage		29195	26405	0	0	997.5	1102.5	1050	17300	16435	18165
UW	Timelost Spellblade		1026	1134	16910	18690	Mage		30030	27170	0	0	1026	1134	1080	17800	16910	18690
UW	Timelost Spellblade		1054	1166	17385	19215	Mage		30875	27925	0	0	1054.5	1165.5	1110	18300	17385	19215
UW	Timelost Greatsword		1007	1113	16625	18375	War		29505	26695	0	0	1007	1113	1060	17500	16625	18375
UW	Timelost Greatsword		1035	1145	17100	18900	War		30350	27450	0	0	1035.5	1144.5	1090	18000	17100	18900
UW	Timelost Greatsword		1064	1176	17575	19425	War		31185	28215	0	0	1064	1176	1120	18500	17575	19425
UW	Timelost Greatsword		1092	1208	18050	19950	War		32030	28970	0	0	1092.5	1207.5	1150	19000	18050	19950
UW	Dual Arcane Daggers		1007	1113	16625	18375	Mage		29505	26695	0	0	1007	1113	1060	17500	16625	18375
UW	Dual Arcane Daggers		1035	1145	17100	18900	Mage		30350	27450	0	0	1035.5	1144.5	1090	18000	17100	18900
UW	Dual Arcane Daggers		1064	1176	17575	19425	Mage		31185	28215	0	0	1064	1176	1120	18500	17575	19425
UW	Dual Arcane Daggers		1092	1208	18050	19950	Mage		32030	28970	0	0	1092.5	1207.5	1150	19000	18050	19950
UW	Timelost Warhammer		1054	1166	17385	19215	War		30875	27925	0	0	1054.5	1165.5	1110	18300	17385	19215
UW	Timelost Warhammer		1083	1197	17955	19845	War		31815	28785	0	0	1083	1197	1140	18900	17955	19845
UW	Timelost Warhammer		1111	1229	18525	20475	War		32765	29635	0	0	1111.5	1228.5	1170	19500	18525	20475
UW	Timelost Warhammer		1140	1260	19095	21105	War		33705	30495	0	0	1140	1260	1200	20100	19095	21105
UW	Vampiric Greatstaff		1054	1166	17385	19215	Mage		30875	27925	0	0	1054.5	1165.5	1110	18300	17385	19215
UW	Vampiric Greatstaff		1083	1197	17955	19845	Mage		31815	28785	0	0	1083	1197	1140	18900	17955	19845
UW	Vampiric Greatstaff		1111	1229	18525	20475	Mage		32765	29635	0	0	1111.5	1228.5	1170	19500	18525	20475
UW	Vampiric Greatstaff		1140	1260	19095	21105	Mage		33705	30495	0	0	1140	1260	1200	20100	19095	21105
UW	Nature Scythe		1092	1208	18050	19950	War		32030	28970	0	0	1092.5	1207.5	1150	19000	18050	19950
UW	Nature Scythe		1121	1239	18715	20685	War		33075	29925	0	0	1121	1239	1180	19700	18715	20685
UW	Nature Scythe		1149	1271	19380	21420	War		34130	30870	0	0	1149.5	1270.5	1210	20400	19380	21420
UW	Nature Scythe		1178	1302	20045	22155	War		35175	31825	0	0	1178	1302	1240	21100	20045	22155
UW	Ancient Elder Staff		1092	1208	18050	19950	Mage		32030	28970	0	0	1092.5	1207.5	1150	19000	18050	19950
UW	Ancient Elder Staff		1121	1239	18715	20685	Mage		33075	29925	0	0	1121	1239	1180	19700	18715	20685
UW	Ancient Elder Staff		1149	1271	19380	21420	Mage		34130	30870	0	0	1149.5	1270.5	1210	20400	19380	21420
UW	Ancient Elder Staff		1178	1302	20045	22155	Mage		35175	31825	0	0	1178	1302	1240	21100	20045	22155
UW	Enchanted Demon Greataxe		1130	1250	18810	20790	War		33290	30110	0	0	1130.5	1249.5	1190	19800	18810	20790
UW	Enchanted Demon Greataxe		1159	1281	19475	21525	War		34335	31065	0	0	1159	1281	1220	20500	19475	21525
UW	Enchanted Demon Greataxe		1187	1313	20140	22260	War		35390	32010	0	0	1187.5	1312.5	1250	21200	20140	22260
UW	Enchanted Demon Greataxe		1216	1344	20805	22995	War		36435	32965	0	0	1216	1344	1280	21900	20805	22995
UW	Demon Lord's Greatstaff		1130	1250	18810	20790	Mage		33290	30110	0	0	1130.5	1249.5	1190	19800	18810	20790
UW	Demon Lord's Greatstaff		1159	1281	19475	21525	Mage		34335	31065	0	0	1159	1281	1220	20500	19475	21525
UW	Demon Lord's Greatstaff		1187	1313	20140	22260	Mage		35390	32010	0	0	1187.5	1312.5	1250	21200	20140	22260
UW	Demon Lord's Greatstaff		1216	1344	20805	22995	Mage		36435	32965	0	0	1216	1344	1280	21900	20805	22995
UW	Tribal		270	300	855	945	DPS Armor	6800	3945	3555	6460	7140	270.75	299.25	285	900	855	945
UW	Tribal		294	326	950	1050	DPS Armor	7700	4310	3890	7315	8085	294.5	325.5	310	1000	950	1050
UW	Tribal		318	352	1045	1155	DPS Armor	8600	4675	4225	8170	9030	318.25	351.75	335	1100	1045	1155
UW	Tribal		332	368	1140	1260	DPS Armor	9500	4940	4460	9025	9975	332.5	367.5	350	1200	1140	1260
UW	Reinforced Guardian		270	300	15000	6510	Guardian		9510	17700	0	0	270.75	299.25	285	6200	15000	6510
UW	Reinforced Guardian		294	326	17000	7245	Guardian		10505	19940	0	0	294.5	325.5	310	6900	17000	7245
UW	Reinforced Guardian		318	352	19000	7980	Guardian		11500	22180	0	0	318.25	351.75	335	7600	19000	7980
UW	Reinforced Guardian		332	368	21000	8715	Guardian		12395	24320	0	0	332.5	367.5	350	8300	21000	8715
UW	Timelost		342	378	1140	1260	DPS Armor	9500	5040	4560	9025	9975	342	378	360	1200	1140	1260
UW	Timelost		361	399	1235	1365	DPS Armor	10500	5355	4845	9975	11025	361	399	380	1300	1235	1365
UW	Timelost		380	420	1330	1470	DPS Armor	11500	5670	5130	10925	12075	380	420	400	1400	1330	1470
UW	Timelost		399	441	1425	1575	DPS Armor	12500	5985	5415	11875	13125	399	441	420	1500	1425	1575
UW	Timelost Guardian		342	378	19000	21000	Guardian		24780	22420	0	0	342	378	360	20000	19000	21000
UW	Timelost Guardian		361	399	21375	23625	Guardian		27615	24985	0	0	361	399	380	22500	21375	23625
UW	Timelost Guardian		380	420	23750	26250	Guardian		30450	27550	0	0	380	420	400	25000	23750	26250
UW	Timelost Guardian		399	441	26125	28875	Guardian		33285	30115	0	0	399	441	420	27500	26125	28875
UW	Glorious		380	420	1330	1470	DPS Armor	4500	5670	5130	4275	4725	380	420	400	1400	1330	1470
UW	Glorious		399	441	1425	1575	DPS Armor	4800	5985	5415	4560	5040	399	441	420	1500	1425	1575
UW	Glorious		418	462	1520	1680	DPS Armor	5200	6300	5700	4940	5460	418	462	440	1600	1520	1680
UW	Glorious		437	483	1615	1785	DPS Armor	5600	6615	5985	5320	5880	437	483	460	1700	1615	1785
UW	Glorious Guardian		380	420	25175	27825	Guardian		32025	28975	0	0	380	420	400	26500	25175	27825
UW	Glorious Guardian		399	441	27075	29925	Guardian		34335	31065	0	0	399	441	420	28500	27075	29925
UW	Glorious Guardian		418	462	28975	32025	Guardian		36645	33155	0	0	418	462	440	30500	28975	32025
UW	Glorious Guardian		437	483	30875	34125	Guardian		38955	35245	0	0	437	483	460	32500	30875	34125
UW	Dual Phoenix Daggers		1330	1470	22800	25200	War Legend		39900	36100	0	0	1330	1470	1400	24000	22800	25200
UW	Phoenix Greatstaff		1330	1470	22800	25200	Mage Legend		39900	36100	0	0	1330	1470	1400	24000	22800	25200
SP	Bone Scythe		1140	1260	18525	20475	War		33075	29925	0	0	1140	1260	1200	19500	18525	20475
SP	Bone Scythe		1178	1302	19475	21525	War		34545	31255	0	0	1178	1302	1240	20500	19475	21525
SP	Bone Scythe		1216	1344	20425	22575	War		36015	32585	0	0	1216	1344	1280	21500	20425	22575
SP	Bone Scythe		1254	1386	21375	23625	War		37485	33915	0	0	1254	1386	1320	22500	21375	23625
SP	Staff Of Heat		1140	1260	18525	20475	Mage		33075	29925	0	0	1140	1260	1200	19500	18525	20475
SP	Staff Of Heat		1178	1302	19475	21525	Mage		34545	31255	0	0	1178	1302	1240	20500	19475	21525
SP	Staff Of Heat		1216	1344	20425	22575	Mage		36015	32585	0	0	1216	1344	1280	21500	20425	22575
SP	Staff Of Heat		1254	1386	21375	23625	Mage		37485	33915	0	0	1254	1386	1320	22500	21375	23625
SP	Royal Katana		1216	1344	20425	22575	War		36015	32585	0	0	1216	1344	1280	21500	20425	22575
SP	Royal Katana		1263	1397	21850	24150	War		38120	34480	0	0	1263.5	1396.5	1330	23000	21850	24150
SP	Royal Katana		1311	1449	23275	25725	War		40215	36385	0	0	1311	1449	1380	24500	23275	25725
SP	Royal Katana		1358	1502	24700	27300	War		42320	38280	0	0	1358.5	1501.5	1430	26000	24700	27300
SP	Industrial Spellscythe		1216	1344	20425	22575	Mage		36015	32585	0	0	1216	1344	1280	21500	20425	22575
SP	Industrial Spellscythe		1263	1397	21850	24150	Mage		38120	34480	0	0	1263.5	1396.5	1330	23000	21850	24150
SP	Industrial Spellscythe		1311	1449	23275	25725	Mage		40215	36385	0	0	1311	1449	1380	24500	23275	25725
SP	Industrial Spellscythe		1358	1502	24700	27300	Mage		42320	38280	0	0	1358.5	1501.5	1430	26000	24700	27300
SP	Honorable Greatsword		1301	1439	22800	25200	War		39590	35810	0	0	1301.5	1438.5	1370	24000	22800	25200
SP	Honorable Greatsword		1358	1502	24700	27300	War		42320	38280	0	0	1358.5	1501.5	1430	26000	24700	27300
SP	Honorable Greatsword		1415	1565	26600	29400	War		45050	40750	0	0	1415.5	1564.5	1490	28000	26600	29400
SP	Honorable Greatsword		1472	1628	28500	31500	War		47780	43220	0	0	1472.5	1627.5	1550	30000	28500	31500
SP	Sapphire Spellspear		1301	1439	22800	25200	Mage		39590	35810	0	0	1301.5	1438.5	1370	24000	22800	25200
SP	Sapphire Spellspear		1358	1502	24700	27300	Mage		42320	38280	0	0	1358.5	1501.5	1430	26000	24700	27300
SP	Sapphire Spellspear		1415	1565	26600	29400	Mage		45050	40750	0	0	1415.5	1564.5	1490	28000	26600	29400
SP	Sapphire Spellspear		1472	1628	28500	31500	Mage		47780	43220	0	0	1472.5	1627.5	1550	30000	28500	31500
SP	Dual Infernal Daggers		1377	1523	25650	28350	War		43580	39420	0	0	1377.5	1522.5	1450	27000	25650	28350
SP	Dual Infernal Daggers		1434	1586	27550	30450	War		46310	41890	0	0	1434.5	1585.5	1510	29000	27550	30450
SP	Dual Infernal Daggers		1491	1649	29450	32550	War		49040	44360	0	0	1491.5	1648.5	1570	31000	29450	32550
SP	Dual Infernal Daggers		1548	1712	31350	34650	War		51770	46830	0	0	1548.5	1711.5	1630	33000	31350	34650
SP	Amethyst Spelldagger		1377	1523	25650	28350	Mage		43580	39420	0	0	1377.5	1522.5	1450	27000	25650	28350
SP	Amethyst Spelldagger		1434	1586	27550	30450	Mage		46310	41890	0	0	1434.5	1585.5	1510	29000	27550	30450
SP	Amethyst Spelldagger		1491	1649	29450	32550	Mage		49040	44360	0	0	1491.5	1648.5	1570	31000	29450	32550
SP	Amethyst Spelldagger		1548	1712	31350	34650	Mage		51770	46830	0	0	1548.5	1711.5	1630	33000	31350	34650
SP	Dual Samurai Stars		1358	1502	24700	27300	War		42320	38280	0	0	1358.5	1501.5	1430	26000	24700	27300
SP	Dual Samurai Stars		1415	1565	26600	29400	War		45050	40750	0	0	1415.5	1564.5	1490	28000	26600	29400
SP	Dual Samurai Stars		1472	1628	28500	31500	War		47780	43220	0	0	1472.5	1627.5	1550	30000	28500	31500
SP	Dual Samurai Stars		1529	1691	30400	33600	War		50510	45690	0	0	1529.5	1690.5	1610	32000	30400	33600
SP	Violet Spellblade		1358	1502	24700	27300	Mage		42320	38280	0	0	1358.5	1501.5	1430	26000	24700	27300
SP	Violet Spellblade		1415	1565	26600	29400	Mage		45050	40750	0	0	1415.5	1564.5	1490	28000	26600	29400
SP	Violet Spellblade		1472	1628	28500	31500	Mage		47780	43220	0	0	1472.5	1627.5	1550	30000	28500	31500
SP	Violet Spellblade		1529	1691	30400	33600	Mage		50510	45690	0	0	1529.5	1690.5	1610	32000	30400	33600
SP	Dual Samurai Sickles		1472	1628	28500	31500	War		47780	43220	0	0	1472.5	1627.5	1550	30000	28500	31500
SP	Dual Samurai Sickles		1529	1691	30875	34125	War		51035	46165	0	0	1529.5	1690.5	1610	32500	30875	34125
SP	Dual Samurai Sickles		1586	1754	33250	36750	War		54290	49110	0	0	1586.5	1753.5	1670	35000	33250	36750
SP	Dual Samurai Sickles		1643	1817	35625	39375	War		57545	52055	0	0	1643.5	1816.5	1730	37500	35625	39375
SP	Amethyst Crescent Spellblade		1472	1628	28500	31500	Mage		47780	43220	0	0	1472.5	1627.5	1550	30000	28500	31500
SP	Amethyst Crescent Spellblade		1529	1691	30875	34125	Mage		51035	46165	0	0	1529.5	1690.5	1610	32500	30875	34125
SP	Amethyst Crescent Spellblade		1586	1754	33250	36750	Mage		54290	49110	0	0	1586.5	1753.5	1670	35000	33250	36750
SP	Amethyst Crescent Spellblade		1643	1817	35625	39375	Mage		57545	52055	0	0	1643.5	1816.5	1730	37500	35625	39375
SP	Crimson Kris		1567	1733	32300	35700	War		53030	47970	0	0	1567.5	1732.5	1650	34000	32300	35700
SP	Crimson Kris		1624	1796	34675	38325	War		56285	50915	0	0	1624.5	1795.5	1710	36500	34675	38325
SP	Crimson Kris		1681	1859	37050	40950	War		59540	53860	0	0	1681.5	1858.5	1770	39000	37050	40950
SP	Crimson Kris		1738	1922	39425	43575	War		62795	56805	0	0	1738.5	1921.5	1830	41500	39425	43575
SP	Jade Spelldagger		1567	1733	32300	35700	Mage		53030	47970	0	0	1567.5	1732.5	1650	34000	32300	35700
SP	Jade Spelldagger		1624	1796	34675	38325	Mage		56285	50915	0	0	1624.5	1795.5	1710	36500	34675	38325
SP	Jade Spelldagger		1681	1859	37050	40950	Mage		59540	53860	0	0	1681.5	1858.5	1770	39000	37050	40950
SP	Jade Spelldagger		1738	1922	39425	43575	Mage		62795	56805	0	0	1738.5	1921.5	1830	41500	39425	43575
SP	Toxic Warspear		1653	1827	36100	39900	War		58170	52630	0	0	1653	1827	1740	38000	36100	39900
SP	Toxic Warspear		1710	1890	38950	43050	War		61950	56050	0	0	1710	1890	1800	41000	38950	43050
SP	Toxic Warspear		1767	1953	41800	46200	War		65730	59470	0	0	1767	1953	1860	44000	41800	46200
SP	Toxic Warspear		1824	2016	44650	49350	War		69510	62890	0	0	1824	2016	1920	47000	44650	49350
SP	Pink Pearl Spellscythe		1653	1827	36100	39900	Mage		58170	52630	0	0	1653	1827	1740	38000	36100	39900
SP	Pink Pearl Spellscythe		1710	1890	38950	43050	Mage		61950	56050	0	0	1710	1890	1800	41000	38950	43050
SP	Pink Pearl Spellscythe		1767	1953	41800	46200	Mage		65730	59470	0	0	1767	1953	1860	44000	41800	46200
SP	Pink Pearl Spellscythe		1824	2016	44650	49350	Mage		69510	62890	0	0	1824	2016	1920	47000	44650	49350
SP	Ruby Greatsword		1738	1922	40375	44625	War		63845	57755	0	0	1738.5	1921.5	1830	42500	40375	44625
SP	Ruby Greatsword		1795	1985	43225	47775	War		67625	61175	0	0	1795.5	1984.5	1890	45500	43225	47775
SP	Ruby Greatsword		1852	2048	46075	50925	War		71405	64595	0	0	1852.5	2047.5	1950	48500	46075	50925
SP	Ruby Greatsword		1909	2111	48925	54075	War		75185	68015	0	0	1909.5	2110.5	2010	51500	48925	54075
SP	Dual Elegant Fans		1738	1922	40375	44625	Mage		63845	57755	0	0	1738.5	1921.5	1830	42500	40375	44625
SP	Dual Elegant Fans		1795	1985	43225	47775	Mage		67625	61175	0	0	1795.5	1984.5	1890	45500	43225	47775
SP	Dual Elegant Fans		1852	2048	46075	50925	Mage		71405	64595	0	0	1852.5	2047.5	1950	48500	46075	50925
SP	Dual Elegant Fans		1909	2111	48925	54075	Mage		75185	68015	0	0	1909.5	2110.5	2010	51500	48925	54075
SP	Samurai		427	473	1567	1733	DPS Armor	16000	6463	5837	15200	16800	427.5	472.5	450	1650	1567.5	1732.5
SP	Samurai		465	515	1805	1995	DPS Armor	18000	7145	6455	17100	18900	465.5	514.5	490	1900	1805	1995
SP	Samurai		503	557	2042	2258	DPS Armor	20000	7828	7072	19000	21000	503.5	556.5	530	2150	2042.5	2257.5
SP	Samurai		541	599	2280	2520	DPS Armor	22000	8510	7690	20900	23100	541.5	598.5	570	2400	2280	2520
SP	Samurai Guardian		427	473	28500	31500	Guardian		36230	32770	0	0	427.5	472.5	450	30000	28500	31500
SP	Samurai Guardian		465	515	32300	35700	Guardian		40850	36950	0	0	465.5	514.5	490	34000	32300	35700
SP	Samurai Guardian		503	557	36100	39900	Guardian		45470	41130	0	0	503.5	556.5	530	38000	36100	39900
SP	Samurai Guardian		541	599	39900	44100	Guardian		50090	45310	0	0	541.5	598.5	570	42000	39900	44100
SP	Infernal		541	599	2280	2520	DPS Armor	23000	8510	7690	21850	24150	541.5	598.5	570	2400	2280	2520
SP	Infernal		579	641	2565	2835	DPS Armor	26000	9245	8355	24700	27300	579.5	640.5	610	2700	2565	2835
SP	Infernal		617	683	2850	3150	DPS Armor	29000	9980	9020	27550	30450	617.5	682.5	650	3000	2850	3150
SP	Infernal		655	725	3135	3465	DPS Armor	32000	10715	9685	30400	33600	655.5	724.5	690	3300	3135	3465
SP	Infernal Guardian		541	599	39900	44100	Guardian		50090	45310	0	0	541.5	598.5	570	42000	39900	44100
SP	Infernal Guardian		579	641	44650	49350	Guardian		55760	50440	0	0	579.5	640.5	610	47000	44650	49350
SP	Infernal Guardian		617	683	49400	54600	Guardian		61430	55570	0	0	617.5	682.5	650	52000	49400	54600
SP	Infernal Guardian		655	725	54150	59850	Guardian		67100	60700	0	0	655.5	724.5	690	57000	54150	59850
SP	Ancestral		617	683	2850	3150	DPS Armor	32000	9980	9020	30400	33600	617.5	682.5	650	3000	2850	3150
SP	Ancestral		655	725	3135	3465	DPS Armor	35000	10715	9685	33250	36750	655.5	724.5	690	3300	3135	3465
SP	Ancestral		693	767	3420	3780	DPS Armor	38000	11450	10350	36100	39900	693.5	766.5	730	3600	3420	3780
SP	Ancestral		731	809	3705	4095	DPS Armor	41000	12185	11015	38950	43050	731.5	808.5	770	3900	3705	4095
SP	Ancestral Guardian		617	683	51300	56700	Guardian		63530	57470	0	0	617.5	682.5	650	54000	51300	56700
SP	Ancestral Guardian		655	725	56050	61950	Guardian		69200	62600	0	0	655.5	724.5	690	59000	56050	61950
SP	Ancestral Guardian		693	767	61750	68250	Guardian		75920	68680	0	0	693.5	766.5	730	65000	61750	68250
SP	Ancestral Guardian		731	809	67450	74550	Guardian		82640	74760	0	0	731.5	808.5	770	71000	67450	74550
SP	Sakura Katana		2137	2363	53200	58800	War Legend		82430	74570	0	0	2137.5	2362.5	2250	56000	53200	58800
SP	Sakura Greatstaff		2137	2363	53200	58800	Mage Legend		82430	74570	0	0	2137.5	2362.5	2250	56000	53200	58800
TC	Stone Scythe		1786	1974	42750	47250	War		66990	60610	0	0	1786	1974	1880	45000	42750	47250
TC	Stone Scythe		1843	2037	45600	50400	War		70770	64030	0	0	1843	2037	1940	48000	45600	50400
TC	Stone Scythe		1900	2100	48450	53550	War		74550	67450	0	0	1900	2100	2000	51000	48450	53550
TC	Stone Scythe		1957	2163	51300	56700	War		78330	70870	0	0	1957	2163	2060	54000	51300	56700
TC	Sapphire Stone Wand		1786	1974	42750	47250	Mage		66990	60610	0	0	1786	1974	1880	45000	42750	47250
TC	Sapphire Stone Wand		1843	2037	45600	50400	Mage		70770	64030	0	0	1843	2037	1940	48000	45600	50400
TC	Sapphire Stone Wand		1900	2100	48450	53550	Mage		74550	67450	0	0	1900	2100	2000	51000	48450	53550
TC	Sapphire Stone Wand		1957	2163	51300	56700	Mage		78330	70870	0	0	1957	2163	2060	54000	51300	56700
TC	Dual Crimson Daggers		1881	2079	47500	52500	War		73290	66310	0	0	1881	2079	1980	50000	47500	52500
TC	Dual Crimson Daggers		1947	2153	51300	56700	War		78230	70770	0	0	1947.5	2152.5	2050	54000	51300	56700
TC	Dual Crimson Daggers		2014	2226	55100	60900	War		83160	75240	0	0	2014	2226	2120	58000	55100	60900
TC	Dual Crimson Daggers		2080	2300	58900	65100	War		88100	79700	0	0	2080.5	2299.5	2190	62000	58900	65100
TC	Runic Pike		1881	2079	47500	52500	Mage		73290	66310	0	0	1881	2079	1980	50000	47500	52500
TC	Runic Pike		1947	2153	51300	56700	Mage		78230	70770	0	0	1947.5	2152.5	2050	54000	51300	56700
TC	Runic Pike		2014	2226	55100	60900	Mage		83160	75240	0	0	2014	2226	2120	58000	55100	60900
TC	Runic Pike		2080	2300	58900	65100	Mage		88100	79700	0	0	2080.5	2299.5	2190	62000	58900	65100
TC	Dual Razor Slicers		1995	2205	53200	58800	War		80850	73150	0	0	1995	2205	2100	56000	53200	58800
TC	Dual Razor Slicers		2071	2289	57000	63000	War		85890	77710	0	0	2071	2289	2180	60000	57000	63000
TC	Dual Razor Slicers		2147	2373	60800	67200	War		90930	82270	0	0	2147	2373	2260	64000	60800	67200
TC	Dual Razor Slicers		2223	2457	64600	71400	War		95970	86830	0	0	2223	2457	2340	68000	64600	71400
TC	Elementalist Staff		1995	2205	53200	58800	Mage		80850	73150	0	0	1995	2205	2100	56000	53200	58800
TC	Elementalist Staff		2071	2289	57000	63000	Mage		85890	77710	0	0	2071	2289	2180	60000	57000	63000
TC	Elementalist Staff		2147	2373	60800	67200	Mage		90930	82270	0	0	2147	2373	2260	64000	60800	67200
TC	Elementalist Staff		2223	2457	64600	71400	Mage		95970	86830	0	0	2223	2457	2340	68000	64600	71400
TC	Giant Royal Axe		2128	2352	59850	66150	War		89670	81130	0	0	2128	2352	2240	63000	59850	66150
TC	Giant Royal Axe		2213	2447	63650	70350	War		94820	85780	0	0	2213.5	2446.5	2330	67000	63650	70350
TC	Giant Royal Axe		2299	2541	67450	74550	War		99960	90440	0	0	2299	2541	2420	71000	67450	74550
TC	Giant Royal Axe		2384	2636	71250	78750	War		105110	95090	0	0	2384.5	2635.5	2510	75000	71250	78750
TC	Toxic Spellscythe		2128	2352	59850	66150	Mage		89670	81130	0	0	2128	2352	2240	63000	59850	66150
TC	Toxic Spellscythe		2213	2447	63650	70350	Mage		94820	85780	0	0	2213.5	2446.5	2330	67000	63650	70350
TC	Toxic Spellscythe		2299	2541	67450	74550	Mage		99960	90440	0	0	2299	2541	2420	71000	67450	74550
TC	Toxic Spellscythe		2384	2636	71250	78750	Mage		105110	95090	0	0	2384.5	2635.5	2510	75000	71250	78750
TC	Dual Magma Fangs		2232	2468	65550	72450	War		97130	87870	0	0	2232.5	2467.5	2350	69000	65550	72450
TC	Dual Magma Fangs		2375	2625	70300	77700	War		103950	94050	0	0	2375	2625	2500	74000	70300	77700
TC	Dual Magma Fangs		2517	2783	75050	82950	War		110780	100220	0	0	2517.5	2782.5	2650	79000	75050	82950
TC	Dual Magma Fangs		2660	2940	79800	88200	War		117600	106400	0	0	2660	2940	2800	84000	79800	88200
TC	Amethyst Spellscythe		2232	2468	65550	72450	Mage		97130	87870	0	0	2232.5	2467.5	2350	69000	65550	72450
TC	Amethyst Spellscythe		2375	2625	70300	77700	Mage		103950	94050	0	0	2375	2625	2500	74000	70300	77700
TC	Amethyst Spellscythe		2517	2783	75050	82950	Mage		110780	100220	0	0	2517.5	2782.5	2650	79000	75050	82950
TC	Amethyst Spellscythe		2660	2940	79800	88200	Mage		117600	106400	0	0	2660	2940	2800	84000	79800	88200
TC	Dark Ice Blades		2470	2730	73150	80850	War		108150	97850	0	0	2470	2730	2600	77000	73150	80850
TC	Dark Ice Blades		2631	2909	77900	86100	War		115190	104210	0	0	2631.5	2908.5	2770	82000	77900	86100
TC	Dark Ice Blades		2793	3087	82650	91350	War		122220	110580	0	0	2793	3087	2940	87000	82650	91350
TC	Dark Ice Blades		2954	3266	87400	96600	War		129260	116940	0	0	2954.5	3265.5	3110	92000	87400	96600
TC	Dual Arcane Slicers		2470	2730	73150	80850	Mage		108150	97850	0	0	2470	2730	2600	77000	73150	80850
TC	Dual Arcane Slicers		2631	2909	77900	86100	Mage		115190	104210	0	0	2631.5	2908.5	2770	82000	77900	86100
TC	Dual Arcane Slicers		2793	3087	82650	91350	Mage		122220	110580	0	0	2793	3087	2940	87000	82650	91350
TC	Dual Arcane Slicers		2954	3266	87400	96600	Mage		129260	116940	0	0	2954.5	3265.5	3110	92000	87400	96600
TC	Dual Infernal Scimitars		2755	3045	81700	90300	War		120750	109250	0	0	2755	3045	2900	86000	81700	90300
TC	Dual Infernal Scimitars		1976	2184	87400	96600	War		118440	107160	0	0	1976	2184	2080	92000	87400	96600
TC	Dual Infernal Scimitars		3097	3423	93100	102900	War		137130	124070	0	0	3097	3423	3260	98000	93100	102900
TC	Dual Infernal Scimitars		3268	3612	98800	109200	War		145320	131480	0	0	3268	3612	3440	104000	98800	109200
TC	Runic Spellscythe		2755	3045	81700	90300	Mage		120750	109250	0	0	2755	3045	2900	86000	81700	90300
TC	Runic Spellscythe		1976	2184	87400	96600	Mage		118440	107160	0	0	1976	2184	2080	92000	87400	96600
TC	Runic Spellscythe		3097	3423	93100	102900	Mage		137130	124070	0	0	3097	3423	3260	98000	93100	102900
TC	Runic Spellscythe		3268	3612	98800	109200	Mage		145320	131480	0	0	3268	3612	3440	104000	98800	109200
TC	Bloodthrister		3040	3360	90250	99750	War		133350	120650	0	0	3040	3360	3200	95000	90250	99750
TC	Bloodthrister		3211	3549	95950	106050	War		141540	128060	0	0	3211	3549	3380	101000	95950	106050
TC	Bloodthrister		3382	3738	101650	112350	War		149730	135470	0	0	3382	3738	3560	107000	101650	112350
TC	Bloodthrister		3553	3927	107350	118650	War		157920	142880	0	0	3553	3927	3740	113000	107350	118650
TC	Mana Infused Spellblade		3040	3360	90250	99750	Mage		133350	120650	0	0	3040	3360	3200	95000	90250	99750
TC	Mana Infused Spellblade		3211	3549	95950	106050	Mage		141540	128060	0	0	3211	3549	3380	101000	95950	106050
TC	Mana Infused Spellblade		3382	3738	101650	112350	Mage		149730	135470	0	0	3382	3738	3560	107000	101650	112350
TC	Mana Infused Spellblade		3553	3927	107350	118650	Mage		157920	142880	0	0	3553	3927	3740	113000	107350	118650
TC	Salvaged		712	788	3800	4200	DPS Armor	40000	12080	10920	38000	42000	712.5	787.5	750	4000	3800	4200
TC	Salvaged		788	872	4275	4725	DPS Armor	45000	13445	12155	42750	47250	788.5	871.5	830	4500	4275	4725
TC	Salvaged		864	956	4750	5250	DPS Armor	50000	14810	13390	47500	52500	864.5	955.5	910	5000	4750	5250
TC	Salvaged		940	1040	5225	5775	DPS Armor	55000	16175	14625	52250	57750	940.5	1039.5	990	5500	5225	5775
TC	Salvaged Guardian		712	788	68400	75600	Guardian		83480	75520	0	0	712.5	787.5	750	72000	68400	75600
TC	Salvaged Guardian		788	872	74100	81900	Guardian		90620	81980	0	0	788.5	871.5	830	78000	74100	81900
TC	Salvaged Guardian		864	956	79800	88200	Guardian		97760	88440	0	0	864.5	955.5	910	84000	79800	88200
TC	Salvaged Guardian		940	1040	85500	94500	Guardian		104900	94900	0	0	940.5	1039.5	990	90000	85500	94500
TC	Rouge		940	1040	5225	5775	DPS Armor	55000	16175	14625	52250	57750	940.5	1039.5	990	5500	5225	5775
TC	Rouge		1016	1124	5605	6195	DPS Armor	62500	17435	15765	59375	65625	1016.5	1123.5	1070	5900	5605	6195
TC	Rouge		1092	1208	5985	6615	DPS Armor	70000	18695	16905	66500	73500	1092.5	1207.5	1150	6300	5985	6615
TC	Rouge		1168	1292	6365	7035	DPS Armor	77500	19955	18045	73625	81375	1168.5	1291.5	1230	6700	6365	7035
TC	Rouge Guardian		940	1040	85500	94500	Guardian		104900	94900	0	0	940.5	1039.5	990	90000	85500	94500
TC	Rouge Guardian		1016	1124	95000	105000	Guardian		116240	105160	0	0	1016.5	1123.5	1070	100000	95000	105000
TC	Rouge Guardian		1092	1208	104500	115500	Guardian		127580	115420	0	0	1092.5	1207.5	1150	110000	104500	115500
TC	Rouge Guardian		1168	1292	114000	126000	Guardian		138920	125680	0	0	1168.5	1291.5	1230	120000	114000	126000
TC	Overlord's		1092	1208	5985	6615	DPS Armor	77500	18695	16905	73625	81375	1092.5	1207.5	1150	6300	5985	6615
TC	Overlord's		1178	1302	6460	7140	DPS Armor	85000	20160	18240	80750	89250	1178	1302	1240	6800	6460	7140
TC	Overlord's		1073	1187	6935	7665	DPS Armor	92500	19535	17665	87875	97125	1073.5	1186.5	1130	7300	6935	7665
TC	Overlord's		1349	1491	7410	8190	DPS Armor	100000	23100	20900	95000	105000	1349	1491	1420	7800	7410	8190
TC	Overlord's Guardian (Hat)		1092	1208	118750	131250	Guardian		143330	129670	0	0	1092.5	1207.5	1150	125000	118750	131250
TC	Overlord's Guardian (Hat)		1178	1302	133000	147000	Guardian		160020	144780	0	0	1178	1302	1240	140000	133000	147000
TC	Overlord's Guardian (Hat)		1073	1187	147250	162750	Guardian		174620	157980	0	0	1073.5	1186.5	1130	155000	147250	162750
TC	Overlord's Guardian (Hat)		1349	1491	161500	178500	Guardian		193410	174990	0	0	1349	1491	1420	170000	161500	178500
TC	Overlord's Guardian (Chest)		1092	1208	118750	131250	Guardian		143330	129670	0	0	1092.5	1207.5	1150	125000	118750	131250
TC	Overlord's Guardian (Chest)		1178	1302	129200	142800	Guardian		155820	140980	0	0	1178	1302	1240	136000	129200	142800
TC	Overlord's Guardian (Chest)		1073	1187	139650	154350	Guardian		166220	150380	0	0	1073.5	1186.5	1130	147000	139650	154350
TC	Overlord's Guardian (Chest)		1349	1491	150100	165900	Guardian		180810	163590	0	0	1349	1491	1420	158000	150100	165900
TC	Overlord's Rageblade		4180	4620	115900	128100	War Legend		174300	157700	0	0	4180	4620	4400	122000	115900	128100
TC	Overlord's Manablade		4180	4620	115900	128100	Mage Legend		174300	157700	0	0	4180	4620	4400	122000	115900	128100
GH	Cracked Tooth Cleaver		3277	3623	95000	105000	War		141230	127770	0	0	3277.5	3622.5	3450	100000	95000	105000
GH	Cracked Tooth Cleaver		3420	3780	100700	111300	War		149100	134900	0	0	3420	3780	3600	106000	100700	111300
GH	Cracked Tooth Cleaver		3657	4043	106400	117600	War		158030	142970	0	0	3657.5	4042.5	3850	112000	106400	117600
GH	Cracked Tooth Cleaver		3800	4200	112100	123900	War		165900	150100	0	0	3800	4200	4000	118000	112100	123900
GH	Poison Spear		3277	3623	95000	105000	Mage		141230	127770	0	0	3277.5	3622.5	3450	100000	95000	105000
GH	Poison Spear		3420	3780	100700	111300	Mage		149100	134900	0	0	3420	3780	3600	106000	100700	111300
GH	Poison Spear		3657	4043	106400	117600	Mage		158030	142970	0	0	3657.5	4042.5	3850	112000	106400	117600
GH	Poison Spear		3800	4200	112100	123900	Mage		165900	150100	0	0	3800	4200	4000	118000	112100	123900
GH	Dual Serrated Knives		3610	3990	104500	115500	War		155400	140600	0	0	3610	3990	3800	110000	104500	115500
GH	Dual Serrated Knives		3800	4200	110200	121800	War		163800	148200	0	0	3800	4200	4000	116000	110200	121800
GH	Dual Serrated Knives		3990	4410	115900	128100	War		172200	155800	0	0	3990	4410	4200	122000	115900	128100
GH	Dual Serrated Knives		4180	4620	121600	134400	War		180600	163400	0	0	4180	4620	4400	128000	121600	134400
GH	Dual Toxic Daggers		3610	3990	104500	115500	Mage		155400	140600	0	0	3610	3990	3800	110000	104500	115500
GH	Dual Toxic Daggers		3800	4200	110200	121800	Mage		163800	148200	0	0	3800	4200	4000	116000	110200	121800
GH	Dual Toxic Daggers		3990	4410	115900	128100	Mage		172200	155800	0	0	3990	4410	4200	122000	115900	128100
GH	Dual Toxic Daggers		4180	4620	121600	134400	Mage		180600	163400	0	0	4180	4620	4400	128000	121600	134400
GH	Dual Pirate Cutlasses		3895	4305	114000	126000	War		169050	152950	0	0	3895	4305	4100	120000	114000	126000
GH	Dual Pirate Cutlasses		4227	4673	121600	134400	War		181130	163870	0	0	4227.5	4672.5	4450	128000	121600	134400
GH	Dual Pirate Cutlasses		4560	5040	129200	142800	War		193200	174800	0	0	4560	5040	4800	136000	129200	142800
GH	Dual Pirate Cutlasses		4892	5408	136800	151200	War		205280	185720	0	0	4892.5	5407.5	5150	144000	136800	151200
GH	Dual Bladed Mage Daggers		3895	4305	114000	126000	Mage		169050	152950	0	0	3895	4305	4100	120000	114000	126000
GH	Dual Bladed Mage Daggers		4227	4673	121600	134400	Mage		181130	163870	0	0	4227.5	4672.5	4450	128000	121600	134400
GH	Dual Bladed Mage Daggers		4560	5040	129200	142800	Mage		193200	174800	0	0	4560	5040	4800	136000	129200	142800
GH	Dual Bladed Mage Daggers		4892	5408	136800	151200	Mage		205280	185720	0	0	4892.5	5407.5	5150	144000	136800	151200
GH	Captain's Anchor		4465	4935	126350	139650	War		189000	171000	0	0	4465	4935	4700	133000	126350	139650
GH	Captain's Anchor		4940	5460	134900	149100	War		203700	184300	0	0	4940	5460	5200	142000	134900	149100
GH	Captain's Anchor		5320	5880	143450	158550	War		217350	196650	0	0	5320	5880	5600	151000	143450	158550
GH	Captain's Anchor		5890	6510	152000	168000	War		233100	210900	0	0	5890	6510	6200	160000	152000	168000
GH	Dual Ocean Fists		4465	4935	126350	139650	Mage		189000	171000	0	0	4465	4935	4700	133000	126350	139650
GH	Dual Ocean Fists		4940	5460	134900	149100	Mage		203700	184300	0	0	4940	5460	5200	142000	134900	149100
GH	Dual Ocean Fists		5320	5880	143450	158550	Mage		217350	196650	0	0	5320	5880	5600	151000	143450	158550
GH	Dual Ocean Fists		5890	6510	152000	168000	Mage		233100	210900	0	0	5890	6510	6200	160000	152000	168000
GH	Sharktooth Blade		5130	5670	140600	155400	War		212100	191900	0	0	5130	5670	5400	148000	140600	155400
GH	Sharktooth Blade		5557	6143	148200	163800	War		225230	203770	0	0	5557.5	6142.5	5850	156000	148200	163800
GH	Sharktooth Blade		5985	6615	155800	172200	War		238350	215650	0	0	5985	6615	6300	164000	155800	172200
GH	Sharktooth Blade		6412	7088	163400	180600	War		251480	227520	0	0	6412.5	7087.5	6750	172000	163400	180600
GH	Magic Trident		5130	5670	140600	155400	Mage		212100	191900	0	0	5130	5670	5400	148000	140600	155400
GH	Magic Trident		5557	6143	148200	163800	Mage		225230	203770	0	0	5557.5	6142.5	5850	156000	148200	163800
GH	Magic Trident		5985	6615	155800	172200	Mage		238350	215650	0	0	5985	6615	6300	164000	155800	172200
GH	Magic Trident		6412	7088	163400	180600	Mage		251480	227520	0	0	6412.5	7087.5	6750	172000	163400	180600
GH	Seafarer's Lost Blade		5890	6510	153900	170100	War		235200	212800	0	0	5890	6510	6200	162000	153900	170100
GH	Seafarer's Lost Blade		6460	7140	162450	179550	War		250950	227050	0	0	6460	7140	6800	171000	162450	179550
GH	Seafarer's Lost Blade		7030	7770	171000	189000	War		266700	241300	0	0	7030	7770	7400	180000	171000	189000
GH	Seafarer's Lost Blade		7600	8400	179550	198450	War		282450	255550	0	0	7600	8400	8000	189000	179550	198450
GH	Dual Phantom Defenders		5890	6510	153900	170100	Mage		235200	212800	0	0	5890	6510	6200	162000	153900	170100
GH	Dual Phantom Defenders		6460	7140	162450	179550	Mage		250950	227050	0	0	6460	7140	6800	171000	162450	179550
GH	Dual Phantom Defenders		7030	7770	171000	189000	Mage		266700	241300	0	0	7030	7770	7400	180000	171000	189000
GH	Dual Phantom Defenders		7600	8400	179550	198450	Mage		282450	255550	0	0	7600	8400	8000	189000	179550	198450
GH	Dual Phantom Axes		6840	7560	167200	184800	War		260400	235600	0	0	6840	7560	7200	176000	167200	184800
GH	Dual Phantom Axes		7410	8190	175750	194250	War		276150	249850	0	0	7410	8190	7800	185000	175750	194250
GH	Dual Phantom Axes		7980	8820	184300	203700	War		291900	264100	0	0	7980	8820	8400	194000	184300	203700
GH	Dual Phantom Axes		8550	9450	192850	213150	War		307650	278350	0	0	8550	9450	9000	203000	192850	213150
GH	Ocean Dweller's Mageblade		6840	7560	167200	184800	Mage		260400	235600	0	0	6840	7560	7200	176000	167200	184800
GH	Ocean Dweller's Mageblade		7410	8190	175750	194250	Mage		276150	249850	0	0	7410	8190	7800	185000	175750	194250
GH	Ocean Dweller's Mageblade		7980	8820	184300	203700	Mage		291900	264100	0	0	7980	8820	8400	194000	184300	203700
GH	Ocean Dweller's Mageblade		8550	9450	192850	213150	Mage		307650	278350	0	0	8550	9450	9000	203000	192850	213150
GH	Dual Phantom Daggers		7695	8505	180500	199500	War		284550	257450	0	0	7695	8505	8100	190000	180500	199500
GH	Dual Phantom Daggers		8265	9135	189050	208950	War		300300	271700	0	0	8265	9135	8700	199000	189050	208950
GH	Dual Phantom Daggers		8835	9765	197600	218400	War		316050	285950	0	0	8835	9765	9300	208000	197600	218400
GH	Dual Phantom Daggers		9405	10395	206150	227850	War		331800	300200	0	0	9405	10395	9900	217000	206150	227850
GH	Seafarer's Magic Device		7695	8505	180500	199500	Mage		284550	257450	0	0	7695	8505	8100	190000	180500	199500
GH	Seafarer's Magic Device		8265	9135	189050	208950	Mage		300300	271700	0	0	8265	9135	8700	199000	189050	208950
GH	Seafarer's Magic Device		8835	9765	197600	218400	Mage		316050	285950	0	0	8835	9765	9300	208000	197600	218400
GH	Seafarer's Magic Device		9405	10395	206150	227850	Mage		331800	300200	0	0	9405	10395	9900	217000	206150	227850
GH	Raider's		1330	1470	7600	8400	DPS Armor	95000	23100	20900	90250	99750	1330	1470	1400	8000	7600	8400
GH	Raider's		1491	1649	8550	9450	DPS Armor	107000	25940	23460	101650	112350	1491.5	1648.5	1570	9000	8550	9450
GH	Raider's		1653	1827	9500	10500	DPS Armor	119000	28770	26030	113050	124950	1653	1827	1740	10000	9500	10500
GH	Raider's		1814	2006	10450	11550	DPS Armor	131000	31610	28590	124450	137550	1814.5	2005.5	1910	11000	10450	11550
GH	Raider's Guardian		1330	1470	152000	168000	Guardian		182700	165300	0	0	1330	1470	1400	160000	152000	168000
GH	Raider's Guardian		1491	1649	163400	180600	Guardian		197090	178310	0	0	1491.5	1648.5	1570	172000	163400	180600
GH	Raider's Guardian		1653	1827	174800	193200	Guardian		211470	191330	0	0	1653	1827	1740	184000	174800	193200
GH	Raider's Guardian		1814	2006	186200	205800	Guardian		225860	204340	0	0	1814.5	2005.5	1910	196000	186200	205800
GH	Hunter's		1814	2006	10450	11550	DPS Armor	131000	31610	28590	124450	137550	1814.5	2005.5	1910	11000	10450	11550
GH	Hunter's		1966	2174	11400	12600	DPS Armor	149000	34340	31060	141550	156450	1966.5	2173.5	2070	12000	11400	12600
GH	Hunter's		2128	2352	12350	13650	DPS Armor	167000	37170	33630	158650	175350	2128	2352	2240	13000	12350	13650
GH	Hunter's		2280	2520	13300	14700	DPS Armor	185000	39900	36100	175750	194250	2280	2520	2400	14000	13300	14700
GH	Hunter's Guardian		1814	2006	186200	205800	Guardian		225860	204340	0	0	1814.5	2005.5	1910	196000	186200	205800
GH	Hunter's Guardian		1966	2174	206150	227850	Guardian		249590	225810	0	0	1966.5	2173.5	2070	217000	206150	227850
GH	Hunter's Guardian		2128	2352	226100	249900	Guardian		273420	247380	0	0	2128	2352	2240	238000	226100	249900
GH	Hunter's Guardian		2280	2520	246050	271950	Guardian		297150	268850	0	0	2280	2520	2400	259000	246050	271950
GH	Mythical		2280	2520	13300	14700	DPS Armor	185000	39900	36100	175750	194250	2280	2520	2400	14000	13300	14700
GH	Mythical		2403	2657	14250	15750	DPS Armor	203000	42320	38280	192850	213150	2403.5	2656.5	2530	15000	14250	15750
GH	Mythical		2527	2793	15200	16800	DPS Armor	221000	44730	40470	209950	232050	2527	2793	2660	16000	15200	16800
GH	Mythical		2660	2940	16150	17850	DPS Armor	239000	47250	42750	227050	250950	2660	2940	2800	17000	16150	17850
GH	Mythical Guardian		2280	2520	247000	273000	Guardian		298200	269800	0	0	2280	2520	2400	260000	247000	273000
GH	Mythical Guardian		2403	2657	273125	301875	Guardian		328445	297155	0	0	2403.5	2656.5	2530	287500	273125	301875
GH	Mythical Guardian		2527	2793	299250	330750	Guardian		358680	324520	0	0	2527	2793	2660	315000	299250	330750
GH	Mythical Guardian		2660	2940	323000	357000	Guardian		386400	349600	0	0	2660	2940	2800	340000	323000	357000
GH	Kraken Slayer		10450	11550	228000	252000	War Legend		367500	332500	0	0	10450	11550	11000	240000	228000	252000
GH	Sea Serpent Wings		10450	11550	228000	252000	Mage Legend		367500	332500	0	0	10450	11550	11000	240000	228000	252000
SS	Hextech Katana		8265	9135	190000	210000	War		301350	272650	0	0	8265	9135	8700	200000	190000	210000
SS	Hextech Katana		8740	9660	198550	219450	War		316050	285950	0	0	8740	9660	9200	209000	198550	219450
SS	Hextech Katana		9215	10185	207100	228900	War		330750	299250	0	0	9215	10185	9700	218000	207100	228900
SS	Hextech Katana		9690	10710	215650	238350	War		345450	312550	0	0	9690	10710	10200	227000	215650	238350
SS	Plasma Spellblade		8265	9135	190000	210000	Mage		301350	272650	0	0	8265	9135	8700	200000	190000	210000
SS	Plasma Spellblade		8740	9660	198550	219450	Mage		316050	285950	0	0	8740	9660	9200	209000	198550	219450
SS	Plasma Spellblade		9215	10185	207100	228900	Mage		330750	299250	0	0	9215	10185	9700	218000	207100	228900
SS	Plasma Spellblade		9690	10710	215650	238350	Mage		345450	312550	0	0	9690	10710	10200	227000	215650	238350
SS	Dual Fusion Blades		9025	9975	203300	224700	War		324450	293550	0	0	9025	9975	9500	214000	203300	224700
SS	Dual Fusion Blades		9595	10605	212800	235200	War		341250	308750	0	0	9595	10605	10100	224000	212800	235200
SS	Dual Fusion Blades		10165	11235	222300	245700	War		358050	323950	0	0	10165	11235	10700	234000	222300	245700
SS	Dual Fusion Blades		10735	11865	231800	256200	War		374850	339150	0	0	10735	11865	11300	244000	231800	256200
SS	Dual Hextech Spelldaggers		9025	9975	203300	224700	Mage		324450	293550	0	0	9025	9975	9500	214000	203300	224700
SS	Dual Hextech Spelldaggers		9595	10605	212800	235200	Mage		341250	308750	0	0	9595	10605	10100	224000	212800	235200
SS	Dual Hextech Spelldaggers		10165	11235	222300	245700	Mage		358050	323950	0	0	10165	11235	10700	234000	222300	245700
SS	Dual Hextech Spelldaggers		10735	11865	231800	256200	Mage		374850	339150	0	0	10735	11865	11300	244000	231800	256200
SS	Fusion Greatsword		9880	10920	218500	241500	War		350700	317300	0	0	9880	10920	10400	230000	218500	241500
SS	Fusion Greatsword		10450	11550	237500	262500	War		378000	342000	0	0	10450	11550	11000	250000	237500	262500
SS	Fusion Greatsword		11020	12180	256500	283500	War		405300	366700	0	0	11020	12180	11600	270000	256500	283500
SS	Fusion Greatsword		11590	12810	275500	304500	War		432600	391400	0	0	11590	12810	12200	290000	275500	304500
SS	Dual Bioforged Spelldaggers		9880	10920	218500	241500	Mage		350700	317300	0	0	9880	10920	10400	230000	218500	241500
SS	Dual Bioforged Spelldaggers		10450	11550	237500	262500	Mage		378000	342000	0	0	10450	11550	11000	250000	237500	262500
SS	Dual Bioforged Spelldaggers		11020	12180	256500	283500	Mage		405300	366700	0	0	11020	12180	11600	270000	256500	283500
SS	Dual Bioforged Spelldaggers		11590	12810	275500	304500	Mage		432600	391400	0	0	11590	12810	12200	290000	275500	304500
SS	Bioforged Greatsword		10925	12075	247000	273000	War		393750	356250	0	0	10925	12075	11500	260000	247000	273000
SS	Bioforged Greatsword		11875	13125	266000	294000	War		425250	384750	0	0	11875	13125	12500	280000	266000	294000
SS	Bioforged Greatsword		12825	14175	285000	315000	War		456750	413250	0	0	12825	14175	13500	300000	285000	315000
SS	Bioforged Greatsword		13775	15225	304000	336000	War		488250	441750	0	0	13775	15225	14500	320000	304000	336000
SS	Hextech Polearm		10925	12075	247000	273000	Mage		393750	356250	0	0	10925	12075	11500	260000	247000	273000
SS	Hextech Polearm		11875	13125	266000	294000	Mage		425250	384750	0	0	11875	13125	12500	280000	266000	294000
SS	Hextech Polearm		12825	14175	285000	315000	Mage		456750	413250	0	0	12825	14175	13500	300000	285000	315000
SS	Hextech Polearm		13775	15225	304000	336000	Mage		488250	441750	0	0	13775	15225	14500	320000	304000	336000
SS	Hextech Greataxe		12350	13650	275500	304500	War		441000	399000	0	0	12350	13650	13000	290000	275500	304500
SS	Hextech Greataxe		13110	14490	294500	325500	War		470400	425600	0	0	13110	14490	13800	310000	294500	325500
SS	Hextech Greataxe		13870	15330	313500	346500	War		499800	452200	0	0	13870	15330	14600	330000	313500	346500
SS	Hextech Greataxe		14630	16170	332500	367500	War		529200	478800	0	0	14630	16170	15400	350000	332500	367500
SS	Plasma Twin Spellblade		12350	13650	275500	304500	Mage		441000	399000	0	0	12350	13650	13000	290000	275500	304500
SS	Plasma Twin Spellblade		13110	14490	294500	325500	Mage		470400	425600	0	0	13110	14490	13800	310000	294500	325500
SS	Plasma Twin Spellblade		13870	15330	313500	346500	Mage		499800	452200	0	0	13870	15330	14600	330000	313500	346500
SS	Plasma Twin Spellblade		14630	16170	332500	367500	Mage		529200	478800	0	0	14630	16170	15400	350000	332500	367500
SS	Bioforged Reinforced Slicer		13680	15120	304000	336000	War		487200	440800	0	0	13680	15120	14400	320000	304000	336000
SS	Bioforged Reinforced Slicer		14535	16065	323000	357000	War		517650	468350	0	0	14535	16065	15300	340000	323000	357000
SS	Bioforged Reinforced Slicer		15390	17010	342000	378000	War		548100	495900	0	0	15390	17010	16200	360000	342000	378000
SS	Bioforged Reinforced Slicer		16245	17955	361000	399000	War		578550	523450	0	0	16245	17955	17100	380000	361000	399000
SS	Hextech Wired Spellblade		13680	15120	304000	336000	Mage		487200	440800	0	0	13680	15120	14400	320000	304000	336000
SS	Hextech Wired Spellblade		14535	16065	323000	357000	Mage		517650	468350	0	0	14535	16065	15300	340000	323000	357000
SS	Hextech Wired Spellblade		15390	17010	342000	378000	Mage		548100	495900	0	0	15390	17010	16200	360000	342000	378000
SS	Hextech Wired Spellblade		16245	17955	361000	399000	Mage		578550	523450	0	0	16245	17955	17100	380000	361000	399000
SS	Bioforged Greataxe		15960	17640	332500	367500	War		543900	492100	0	0	15960	17640	16800	350000	332500	367500
SS	Bioforged Greataxe		16910	18690	351500	388500	War		575400	520600	0	0	16910	18690	17800	370000	351500	388500
SS	Bioforged Greataxe		17860	19740	370500	409500	War		606900	549100	0	0	17860	19740	18800	390000	370500	409500
SS	Bioforged Greataxe		18810	20790	389500	430500	War		638400	577600	0	0	18810	20790	19800	410000	389500	430500
SS	Plasma Infused Cutlass		15960	17640	332500	367500	Mage		543900	492100	0	0	15960	17640	16800	350000	332500	367500
SS	Plasma Infused Cutlass		16910	18690	351500	388500	Mage		575400	520600	0	0	16910	18690	17800	370000	351500	388500
SS	Plasma Infused Cutlass		17860	19740	370500	409500	Mage		606900	549100	0	0	17860	19740	18800	390000	370500	409500
SS	Plasma Infused Cutlass		18810	20790	389500	430500	Mage		638400	577600	0	0	18810	20790	19800	410000	389500	430500
SS	Mighty Fusion Maul		17480	19320	361000	399000	War		592200	535800	0	0	17480	19320	18400	380000	361000	399000
SS	Mighty Fusion Maul		18430	20370	380000	420000	War		623700	564300	0	0	18430	20370	19400	400000	380000	420000
SS	Mighty Fusion Maul		19380	21420	399000	441000	War		655200	592800	0	0	19380	21420	20400	420000	399000	441000
SS	Mighty Fusion Maul		20330	22470	418000	462000	War		686700	621300	0	0	20330	22470	21400	440000	418000	462000
SS	Mighty Fusion Spellblade		17480	19320	361000	399000	Mage		592200	535800	0	0	17480	19320	18400	380000	361000	399000
SS	Mighty Fusion Spellblade		18430	20370	380000	420000	Mage		623700	564300	0	0	18430	20370	19400	400000	380000	420000
SS	Mighty Fusion Spellblade		19380	21420	399000	441000	Mage		655200	592800	0	0	19380	21420	20400	420000	399000	441000
SS	Mighty Fusion Spellblade		20330	22470	418000	462000	Mage		686700	621300	0	0	20330	22470	21400	440000	418000	462000
SS	Titanium		2850	3150	19000	21000	DPS Armor	240000	52500	47500	228000	252000	2850	3150	3000	20000	19000	21000
SS	Titanium		2968	3282	20900	23100	DPS Armor	265000	55920	50580	251750	278250	2968.75	3281.25	3125	22000	20900	23100
SS	Titanium		3087	3413	22800	25200	DPS Armor	290000	59330	53670	275500	304500	3087.5	3412.5	3250	24000	22800	25200
SS	Titanium		3230	3570	24700	27300	DPS Armor	313000	63000	57000	297350	328650	3230	3570	3400	26000	24700	27300
SS	Titanium Guardian		2850	3150	361000	399000	Guardian		430500	389500	0	0	2850	3150	3000	380000	361000	399000
SS	Titanium Guardian		2968	3282	389500	430500	Guardian		463320	419180	0	0	2968.75	3281.25	3125	410000	389500	430500
SS	Titanium Guardian		3087	3413	418000	462000	Guardian		496130	448870	0	0	3087.5	3412.5	3250	440000	418000	462000
SS	Titanium Guardian		3230	3570	446500	493500	Guardian		529200	478800	0	0	3230	3570	3400	470000	446500	493500
SS	Industrial		3230	3570	24700	27300	DPS Armor	313000	63000	57000	297350	328650	3230	3570	3400	26000	24700	27300
SS	Industrial		3610	3990	26125	28875	DPS Armor	350000	68775	62225	332500	367500	3610	3990	3800	27500	26125	28875
SS	Industrial		3990	4410	27550	30450	DPS Armor	400000	74550	67450	380000	420000	3990	4410	4200	29000	27550	30450
SS	Industrial		4370	4830	28500	31500	DPS Armor	442000	79800	72200	419900	464100	4370	4830	4600	30000	28500	31500
SS	Industrial Guardian		3230	3570	446500	493500	Guardian		529200	478800	0	0	3230	3570	3400	470000	446500	493500
SS	Industrial Guardian		3610	3990	494000	546000	Guardian		585900	530100	0	0	3610	3990	3800	520000	494000	546000
SS	Industrial Guardian		3990	4410	541500	598500	Guardian		642600	581400	0	0	3990	4410	4200	570000	541500	598500
SS	Industrial Guardian		4370	4830	589000	651000	Guardian		699300	632700	0	0	4370	4830	4600	620000	589000	651000
SS	War-Forged		4370	4830	28500	31500	DPS Armor	440000	79800	72200	418000	462000	4370	4830	4600	30000	28500	31500
SS	War-Forged		4465	4935	32300	35700	DPS Armor	480000	85050	76950	456000	504000	4465	4935	4700	34000	32300	35700
SS	War-Forged		4560	5040	36100	39900	DPS Armor	520000	90300	81700	494000	546000	4560	5040	4800	38000	36100	39900
SS	War-Forged		4655	5145	38950	43050	DPS Armor	570000	94500	85500	541500	598500	4655	5145	4900	41000	38950	43050
SS	War-Forged Guardian		4370	4830	589000	651000	Guardian		699300	632700	0	0	4370	4830	4600	620000	589000	651000
SS	War-Forged Guardian		4465	4935	646000	714000	Guardian		763350	690650	0	0	4465	4935	4700	680000	646000	714000
SS	War-Forged Guardian		4560	5040	703000	777000	Guardian		827400	748600	0	0	4560	5040	4800	740000	703000	777000
SS	War-Forged Guardian		4655	5145	769500	850500	Guardian		901950	816050	0	0	4655	5145	4900	810000	769500	850500
SS	Inventor's Greatsword		22800	25200	460750	509250	War Legend		761250	688750	0	0	22800	25200	24000	485000	460750	509250
SS	Inventor's Spellblade		22800	25200	460750	509250	Mage Legend		761250	688750	0	0	22800	25200	24000	485000	460750	509250
OO	Blazing Star		46550	51450	1197000	1323000	War		1837500	1662500	0	0	46550	51450	49000	1260000	1197000	1323000
OO	Blazing Star		47500	52500	1216000	1344000	War		1869000	1691000	0	0	47500	52500	50000	1280000	1216000	1344000
OO	Blazing Star		48450	53550	1282500	1417500	War		1953000	1767000	0	0	48450	53550	51000	1350000	1282500	1417500
OO	Blazing Star		49400	54600	1349000	1491000	War		2037000	1843000	0	0	49400	54600	52000	1420000	1349000	1491000
OO	Electron Spelldagger		46550	51450	1197000	1323000	Mage		1837500	1662500	0	0	46550	51450	49000	1260000	1197000	1323000
OO	Electron Spelldagger		47500	52500	1216000	1344000	Mage		1869000	1691000	0	0	47500	52500	50000	1280000	1216000	1344000
OO	Electron Spelldagger		48450	53550	1282500	1417500	Mage		1953000	1767000	0	0	48450	53550	51000	1350000	1282500	1417500
OO	Electron Spelldagger		49400	54600	1349000	1491000	Mage		2037000	1843000	0	0	49400	54600	52000	1420000	1349000	1491000
OO	Dual Solar Blades		51300	56700	1330000	1470000	War		2037000	1843000	0	0	51300	56700	54000	1400000	1330000	1470000
OO	Dual Solar Blades		52250	57750	1396500	1543500	War		2121000	1919000	0	0	52250	57750	55000	1470000	1396500	1543500
OO	Dual Solar Blades		53200	58800	1463000	1617000	War		2205000	1995000	0	0	53200	58800	56000	1540000	1463000	1617000
OO	Dual Solar Blades		54150	59850	1529500	1690500	War		2289000	2071000	0	0	54150	59850	57000	1610000	1529500	1690500
OO	Void Spelldaggers		51300	56700	1330000	1470000	Mage		2037000	1843000	0	0	51300	56700	54000	1400000	1330000	1470000
OO	Void Spelldaggers		52250	57750	1396500	1543500	Mage		2121000	1919000	0	0	52250	57750	55000	1470000	1396500	1543500
OO	Void Spelldaggers		53200	58800	1463000	1617000	Mage		2205000	1995000	0	0	53200	58800	56000	1540000	1463000	1617000
OO	Void Spelldaggers		54150	59850	1529500	1690500	Mage		2289000	2071000	0	0	54150	59850	57000	1610000	1529500	1690500
OO	Solar Katana		54150	59850	1520000	1680000	War		2278500	2061500	0	0	54150	59850	57000	1600000	1520000	1680000
OO	Solar Katana		55100	60900	1586500	1753500	War		2362500	2137500	0	0	55100	60900	58000	1670000	1586500	1753500
OO	Solar Katana		56050	61950	1653000	1827000	War		2446500	2213500	0	0	56050	61950	59000	1740000	1653000	1827000
OO	Solar Katana		57000	63000	1710000	1890000	War		2520000	2280000	0	0	57000	63000	60000	1800000	1710000	1890000
OO	Void Spell Blade		54150	59850	1520000	1680000	Mage		2278500	2061500	0	0	54150	59850	57000	1600000	1520000	1680000
OO	Void Spell Blade		55100	60900	1586500	1753500	Mage		2362500	2137500	0	0	55100	60900	58000	1670000	1586500	1753500
OO	Void Spell Blade		56050	61950	1653000	1827000	Mage		2446500	2213500	0	0	56050	61950	59000	1740000	1653000	1827000
OO	Void Spell Blade		57000	63000	1710000	1890000	Mage		2520000	2280000	0	0	57000	63000	60000	1800000	1710000	1890000
OO	Dual Crystalized Knives		56050	61950	1586500	1753500	War		2373000	2147000	0	0	56050	61950	59000	1670000	1586500	1753500
OO	Dual Crystalized Knives		57000	63000	1653000	1827000	War		2457000	2223000	0	0	57000	63000	60000	1740000	1653000	1827000
OO	Dual Crystalized Knives		57950	64050	1710000	1890000	War		2530500	2289500	0	0	57950	64050	61000	1800000	1710000	1890000
OO	Dual Crystalized Knives		58900	65100	1805000	1995000	War		2646000	2394000	0	0	58900	65100	62000	1900000	1805000	1995000
OO	Moon Crystal Spellblade		56050	61950	1586500	1753500	Mage		2373000	2147000	0	0	56050	61950	59000	1670000	1586500	1753500
OO	Moon Crystal Spellblade		57000	63000	1653000	1827000	Mage		2457000	2223000	0	0	57000	63000	60000	1740000	1653000	1827000
OO	Moon Crystal Spellblade		57950	64050	1710000	1890000	Mage		2530500	2289500	0	0	57950	64050	61000	1800000	1710000	1890000
OO	Moon Crystal Spellblade		58900	65100	1805000	1995000	Mage		2646000	2394000	0	0	58900	65100	62000	1900000	1805000	1995000
OO	Void Greatsword		57950	64050	1852500	2047500	War		2688000	2432000	0	0	57950	64050	61000	1950000	1852500	2047500
OO	Void Greatsword		59850	66150	1995000	2205000	War		2866500	2593500	0	0	59850	66150	63000	2100000	1995000	2205000
OO	Void Greatsword		61750	68250	2137500	2362500	War		3045000	2755000	0	0	61750	68250	65000	2250000	2137500	2362500
OO	Void Greatsword		63650	70350	2280000	2520000	War		3223500	2916500	0	0	63650	70350	67000	2400000	2280000	2520000
OO	Energized Spelldagger		57950	64050	1852500	2047500	Mage		2688000	2432000	0	0	57950	64050	61000	1950000	1852500	2047500
OO	Energized Spelldagger		59850	66150	1995000	2205000	Mage		2866500	2593500	0	0	59850	66150	63000	2100000	1995000	2205000
OO	Energized Spelldagger		61750	68250	2137500	2362500	Mage		3045000	2755000	0	0	61750	68250	65000	2250000	2137500	2362500
OO	Energized Spelldagger		63650	70350	2280000	2520000	Mage		3223500	2916500	0	0	63650	70350	67000	2400000	2280000	2520000
OO	Solar Greatsword		60800	67200	2090000	2310000	War		2982000	2698000	0	0	60800	67200	64000	2200000	2090000	2310000
OO	Solar Greatsword		62700	69300	2251500	2488500	War		3181500	2878500	0	0	62700	69300	66000	2370000	2251500	2488500
OO	Solar Greatsword		64600	71400	2413000	2667000	War		3381000	3059000	0	0	64600	71400	68000	2540000	2413000	2667000
OO	Solar Greatsword		66500	73500	2565000	2835000	War		3570000	3230000	0	0	66500	73500	70000	2700000	2565000	2835000
OO	Solar Essence Staff		60800	67200	2090000	2310000	Mage		2982000	2698000	0	0	60800	67200	64000	2200000	2090000	2310000
OO	Solar Essence Staff		62700	69300	2251500	2488500	Mage		3181500	2878500	0	0	62700	69300	66000	2370000	2251500	2488500
OO	Solar Essence Staff		64600	71400	2413000	2667000	Mage		3381000	3059000	0	0	64600	71400	68000	2540000	2413000	2667000
OO	Solar Essence Staff		66500	73500	2565000	2835000	Mage		3570000	3230000	0	0	66500	73500	70000	2700000	2565000	2835000
OO	Space		11400	12600	90250	99750	DPS Armor	2100000	225750	204250	1995000	2205000	11400	12600	12000	95000	90250	99750
OO	Space		12255	13545	104500	115500	DPS Armor	2320000	250950	227050	2204000	2436000	12255	13545	12900	110000	104500	115500
OO	Space		13110	14490	118750	131250	DPS Armor	2540000	276150	249850	2413000	2667000	13110	14490	13800	125000	118750	131250
OO	Space		13965	15435	133000	147000	DPS Armor	2750000	301350	272650	2612500	2887500	13965	15435	14700	140000	133000	147000
OO	Space Guardian		11400	12600	2850000	3150000	Guardian		3276000	2964000	0	0	11400	12600	12000	3000000	2850000	3150000
OO	Space Guardian		12255	13545	3230000	3570000	Guardian		3705450	3352550	0	0	12255	13545	12900	3400000	3230000	3570000
OO	Space Guardian		13110	14490	3610000	3990000	Guardian		4134900	3741100	0	0	13110	14490	13800	3800000	3610000	3990000
OO	Space Guardian		13965	15435	3990000	4410000	Guardian		4564350	4129650	0	0	13965	15435	14700	4200000	3990000	4410000
OO	Commanders		13965	15435	133000	147000	DPS Armor	2800000	301350	272650	2660000	2940000	13965	15435	14700	140000	133000	147000
OO	Commanders		15105	16695	145350	160650	DPS Armor	3200000	327600	296400	3040000	3360000	15105	16695	15900	153000	145350	160650
OO	Commanders		16245	17955	158650	175350	DPS Armor	3600000	354900	321100	3420000	3780000	16245	17955	17100	167000	158650	175350
OO	Commanders		17480	19320	171000	189000	DPS Armor	3900000	382200	345800	3705000	4095000	17480	19320	18400	180000	171000	189000
OO	Commanders Guardian		13965	15435	3990000	4410000	Guardian		4564350	4129650	0	0	13965	15435	14700	4200000	3990000	4410000
OO	Commanders Guardian		15105	16695	4465000	4935000	Guardian		5101950	4616050	0	0	15105	16695	15900	4700000	4465000	4935000
OO	Commanders Guardian		16245	17955	4845000	5355000	Guardian		5534550	5007450	0	0	16245	17955	17100	5100000	4845000	5355000
OO	Commanders Guardian		17480	19320	5225000	5775000	Guardian		5968200	5399800	0	0	17480	19320	18400	5500000	5225000	5775000
OO	Alien		18050	19950	180500	199500	DPS Armor	3900000	399000	361000	3705000	4095000	18050	19950	19000	190000	180500	199500
OO	Alien		19000	21000	190000	210000	DPS Armor	4300000	420000	380000	4085000	4515000	19000	21000	20000	200000	190000	210000
OO	Alien		19950	22050	199500	220500	DPS Armor	4700000	441000	399000	4465000	4935000	19950	22050	21000	210000	199500	220500
OO	Alien		20900	23100	209000	231000	DPS Armor	5000000	462000	418000	4750000	5250000	20900	23100	22000	220000	209000	231000
OO	Alien Guardian		18050	19950	5225000	5775000	Guardian		5974500	5405500	0	0	18050	19950	19000	5500000	5225000	5775000
OO	Alien Guardian		19000	21000	5795000	6405000	Guardian		6615000	5985000	0	0	19000	21000	20000	6100000	5795000	6405000
OO	Alien Guardian		19950	22050	6365000	7035000	Guardian		7255500	6564500	0	0	19950	22050	21000	6700000	6365000	7035000
OO	Alien Guardian		20900	23100	6887500	7612500	Guardian		7843500	7096500	0	0	20900	23100	22000	7250000	6887500	7612500
OO	Galactic Dual Blades		75525	83475	2992500	3307500	War Legend		4142250	3747750	0	0	75525	83475	79500	3150000	2992500	3307500
OO	Galactic Pike		75525	83475	2992500	3307500	Mage Legend		4142250	3747750	0	0	75525	83475	79500	3150000	2992500	3307500
VC	Dual FIst Blades		66500	73500	2565000	2835000	War		3570000	3230000	0	0	66500	73500	70000	2700000	2565000	2835000
VC	Dual FIst Blades		69825	77175	2707500	2992500	War		3764250	3405750	0	0	69825	77175	73500	2850000	2707500	2992500
VC	Dual FIst Blades		73150	80850	2850000	3150000	War		3958500	3581500	0	0	73150	80850	77000	3000000	2850000	3150000
VC	Dual FIst Blades		76000	84000	2992500	3307500	War		4147500	3752500	0	0	76000	84000	80000	3150000	2992500	3307500
VC	Lava Shard Staff		66500	73500	2565000	2835000	Mage		3570000	3230000	0	0	66500	73500	70000	2700000	2565000	2835000
VC	Lava Shard Staff		69825	77175	2707500	2992500	Mage		3764250	3405750	0	0	69825	77175	73500	2850000	2707500	2992500
VC	Lava Shard Staff		73150	80850	2850000	3150000	Mage		3958500	3581500	0	0	73150	80850	77000	3000000	2850000	3150000
VC	Lava Shard Staff		76000	84000	2992500	3307500	Mage		4147500	3752500	0	0	76000	84000	80000	3150000	2992500	3307500
VC	Darkstone Greatsword		76000	84000	2992500	3307500	War		4147500	3752500	0	0	76000	84000	80000	3150000	2992500	3307500
VC	Darkstone Greatsword		79325	87675	3135000	3465000	War		4341750	3928250	0	0	79325	87675	83500	3300000	3135000	3465000
VC	Darkstone Greatsword		82650	91350	3277500	3622500	War		4536000	4104000	0	0	82650	91350	87000	3450000	3277500	3622500
VC	Darkstone Greatsword		85500	94500	3420000	3780000	War		4725000	4275000	0	0	85500	94500	90000	3600000	3420000	3780000
VC	Lava Tendril Pike		76000	84000	2992500	3307500	Mage		4147500	3752500	0	0	76000	84000	80000	3150000	2992500	3307500
VC	Lava Tendril Pike		79325	87675	3135000	3465000	Mage		4341750	3928250	0	0	79325	87675	83500	3300000	3135000	3465000
VC	Lava Tendril Pike		82650	91350	3277500	3622500	Mage		4536000	4104000	0	0	82650	91350	87000	3450000	3277500	3622500
VC	Lava Tendril Pike		85500	94500	3420000	3780000	Mage		4725000	4275000	0	0	85500	94500	90000	3600000	3420000	3780000
VC	Hellstone Greataxe		85500	94500	3420000	3780000	War		4725000	4275000	0	0	85500	94500	90000	3600000	3420000	3780000
VC	Hellstone Greataxe		88825	98175	3562500	3937500	War		4919250	4450750	0	0	88825	98175	93500	3750000	3562500	3937500
VC	Hellstone Greataxe		92150	101850	3705000	4095000	War		5113500	4626500	0	0	92150	101850	97000	3900000	3705000	4095000
VC	Hellstone Greataxe		95000	105000	3895000	4305000	War		5355000	4845000	0	0	95000	105000	100000	4100000	3895000	4305000
VC	Lava Spellblade		85500	94500	3420000	3780000	Mage		4725000	4275000	0	0	85500	94500	90000	3600000	3420000	3780000
VC	Lava Spellblade		88825	98175	3562500	3937500	Mage		4919250	4450750	0	0	88825	98175	93500	3750000	3562500	3937500
VC	Lava Spellblade		92150	101850	3705000	4095000	Mage		5113500	4626500	0	0	92150	101850	97000	3900000	3705000	4095000
VC	Lava Spellblade		95000	105000	3895000	4305000	Mage		5355000	4845000	0	0	95000	105000	100000	4100000	3895000	4305000
VC	Magma Infused Waraxe		95000	105000	3895000	4305000	War		5355000	4845000	0	0	95000	105000	100000	4100000	3895000	4305000
VC	Magma Infused Waraxe		97375	107625	4085000	4515000	War		5591250	5058750	0	0	97375	107625	102500	4300000	4085000	4515000
VC	Magma Infused Waraxe		99750	110250	4275000	4725000	War		5827500	5272500	0	0	99750	110250	105000	4500000	4275000	4725000
VC	Magma Infused Waraxe		101650	112350	4465000	4935000	War		6058500	5481500	0	0	101650	112350	107000	4700000	4465000	4935000
VC	Dual Magma Shields		95000	105000	3895000	4305000	Mage		5355000	4845000	0	0	95000	105000	100000	4100000	3895000	4305000
VC	Dual Magma Shields		97375	107625	4085000	4515000	Mage		5591250	5058750	0	0	97375	107625	102500	4300000	4085000	4515000
VC	Dual Magma Shields		99750	110250	4275000	4725000	Mage		5827500	5272500	0	0	99750	110250	105000	4500000	4275000	4725000
VC	Dual Magma Shields		101650	112350	4465000	4935000	Mage		6058500	5481500	0	0	101650	112350	107000	4700000	4465000	4935000
VC	Shattered Magma Blade		101650	112350	4465000	4935000	War		6058500	5481500	0	0	101650	112350	107000	4700000	4465000	4935000
VC	Shattered Magma Blade		104025	114975	4655000	5145000	War		6294750	5695250	0	0	104025	114975	109500	4900000	4655000	5145000
VC	Shattered Magma Blade		106400	117600	4845000	5355000	War		6531000	5909000	0	0	106400	117600	112000	5100000	4845000	5355000
VC	Shattered Magma Blade		108300	119700	5035000	5565000	War		6762000	6118000	0	0	108300	119700	114000	5300000	5035000	5565000
VC	Ancient Lava Axe		101650	112350	4465000	4935000	Mage		6058500	5481500	0	0	101650	112350	107000	4700000	4465000	4935000
VC	Ancient Lava Axe		104025	114975	4655000	5145000	Mage		6294750	5695250	0	0	104025	114975	109500	4900000	4655000	5145000
VC	Ancient Lava Axe		106400	117600	4845000	5355000	Mage		6531000	5909000	0	0	106400	117600	112000	5100000	4845000	5355000
VC	Ancient Lava Axe		108300	119700	5035000	5565000	Mage		6762000	6118000	0	0	108300	119700	114000	5300000	5035000	5565000
VC	Volcanic Greatsword		108300	119700	5035000	5565000	War		6762000	6118000	0	0	108300	119700	114000	5300000	5035000	5565000
VC	Volcanic Greatsword		110675	122325	5225000	5775000	War		6998250	6331750	0	0	110675	122325	116500	5500000	5225000	5775000
VC	Volcanic Greatsword		112100	123900	5415000	5985000	War		7224000	6536000	0	0	112100	123900	118000	5700000	5415000	5985000
VC	Volcanic Greatsword		114000	126000	5747500	6352500	War		7612500	6887500	0	0	114000	126000	120000	6050000	5747500	6352500
VC	Dual Hellfire Blades		108300	119700	5035000	5565000	Mage		6762000	6118000	0	0	108300	119700	114000	5300000	5035000	5565000
VC	Dual Hellfire Blades		110675	122325	5225000	5775000	Mage		6998250	6331750	0	0	110675	122325	116500	5500000	5225000	5775000
VC	Dual Hellfire Blades		112100	123900	5415000	5985000	Mage		7224000	6536000	0	0	112100	123900	118000	5700000	5415000	5985000
VC	Dual Hellfire Blades		114000	126000	5747500	6352500	Mage		7612500	6887500	0	0	114000	126000	120000	6050000	5747500	6352500
VC	Burned		20900	23100	209000	231000	DPS Armor	5000000	462000	418000	4750000	5250000	20900	23100	22000	220000	209000	231000
VC	Burned		21850	24150	247000	273000	DPS Armor	5500000	514500	465500	5225000	5775000	21850	24150	23000	260000	247000	273000
VC	Burned		22800	25200	285000	315000	DPS Armor	6000000	567000	513000	5700000	6300000	22800	25200	24000	300000	285000	315000
VC	Burned		23750	26250	323000	357000	DPS Armor	6600000	619500	560500	6270000	6930000	23750	26250	25000	340000	323000	357000
VC	Burned Guardian		20900	23100	6887500	7612500	Guardian		7843500	7096500	0	0	20900	23100	22000	7250000	6887500	7612500
VC	Burned Guardian		21850	24150	7695000	8505000	Guardian		8746500	7913500	0	0	21850	24150	23000	8100000	7695000	8505000
VC	Burned Guardian		22800	25200	8645000	9555000	Guardian		9807000	8873000	0	0	22800	25200	24000	9100000	8645000	9555000
VC	Burned Guardian		23750	26250	9500000	10500000	Guardian		10762500	9737500	0	0	23750	26250	25000	10000000	9500000	10500000
VC	Molten Forged		23750	26250	323000	357000	DPS Armor	6600000	619500	560500	6270000	6930000	23750	26250	25000	340000	323000	357000
VC	Molten Forged		25175	27825	361000	399000	DPS Armor	7500000	677250	612750	7125000	7875000	25175	27825	26500	380000	361000	399000
VC	Molten Forged		26600	29400	399000	441000	DPS Armor	8400000	735000	665000	7980000	8820000	26600	29400	28000	420000	399000	441000
VC	Molten Forged		28025	30975	432250	477750	DPS Armor	9400000	787500	712500	8930000	9870000	28025	30975	29500	455000	432250	477750
VC	Molten Forged Guardian		23750	26250	9500000	10500000	Guardian		10762500	9737500	0	0	23750	26250	25000	10000000	9500000	10500000
VC	Molten Forged Guardian		25175	27825	11162500	12337500	Guardian		12615750	11414250	0	0	25175	27825	26500	11750000	11162500	12337500
VC	Molten Forged Guardian		26600	29400	12825000	14175000	Guardian		14469000	13091000	0	0	26600	29400	28000	13500000	12825000	14175000
VC	Molten Forged Guardian		28025	30975	14250000	15750000	Guardian		16059750	14530250	0	0	28025	30975	29500	15000000	14250000	15750000
VC	Lava King's		28025	30975	432250	477750	DPS Armor	9400000	787500	712500	8930000	9870000	28025	30975	29500	455000	432250	477750
VC	Lava King's		30400	33600	456000	504000	DPS Armor	10200000	840000	760000	9690000	10710000	30400	33600	32000	480000	456000	504000
VC	Lava King's		32300	35700	479750	530250	DPS Armor	11000000	887250	802750	10450000	11550000	32300	35700	34000	505000	479750	530250
VC	Lava King's		34200	37800	503500	556500	DPS Armor	12000000	934500	845500	11400000	12600000	34200	37800	36000	530000	503500	556500
VC	Lava King's Guardian		28025	30975	14250000	15750000	Guardian		16059750	14530250	0	0	28025	30975	29500	15000000	14250000	15750000
VC	Lava King's Guardian		30400	33600	15200000	16800000	Guardian		17136000	15504000	0	0	30400	33600	32000	16000000	15200000	16800000
VC	Lava King's Guardian		32300	35700	16150000	17850000	Guardian		18207000	16473000	0	0	32300	35700	34000	17000000	16150000	17850000
VC	Lava King's Guardian		34200	37800	17100000	18900000	Guardian		19278000	17442000	0	0	34200	37800	36000	18000000	17100000	18900000
VC	Lava  King's Warscythe		123500	136500	6412500	7087500	War Legend		8452500	7647500	0	0	123500	136500	130000	6750000	6412500	7087500
VC	Lava King's Spell Daggers		123500	136500	6412500	7087500	Mage Legend		8452500	7647500	0	0	123500	136500	130000	6750000	6412500	7087500
AT	Serpent Scimitars		114000	126000	5747500	6352500	War		7612500	6887500	0	0	114000	126000	120000	6050000	5747500	6352500
AT	Serpent Scimitars		116850	129150	5975500	6604500	War		7896000	7144000	0	0	116850	129150	123000	6290000	5975500	6604500
AT	Serpent Scimitars		120650	133350	6194000	6846000	War		8179500	7400500	0	0	120650	133350	127000	6520000	6194000	6846000
AT	Serpent Scimitars		123500	136500	6412500	7087500	War		8452500	7647500	0	0	123500	136500	130000	6750000	6412500	7087500
AT	Sea Staff		114000	126000	5747500	6352500	Mage		7612500	6887500	0	0	114000	126000	120000	6050000	5747500	6352500
AT	Sea Staff		116850	129150	5975500	6604500	Mage		7896000	7144000	0	0	116850	129150	123000	6290000	5975500	6604500
AT	Sea Staff		120650	133350	6194000	6846000	Mage		8179500	7400500	0	0	120650	133350	127000	6520000	6194000	6846000
AT	Sea Staff		123500	136500	6412500	7087500	Mage		8452500	7647500	0	0	123500	136500	130000	6750000	6412500	7087500
AT	Aquatic Executioner		123500	136500	6412500	7087500	War		8452500	7647500	0	0	123500	136500	130000	6750000	6412500	7087500
AT	Aquatic Executioner		125400	138600	6887500	7612500	War		8998500	8141500	0	0	125400	138600	132000	7250000	6887500	7612500
AT	Aquatic Executioner		127300	140700	7315000	8085000	War		9492000	8588000	0	0	127300	140700	134000	7700000	7315000	8085000
AT	Aquatic Executioner		129200	142800	7790000	8610000	War		10038000	9082000	0	0	129200	142800	136000	8200000	7790000	8610000
AT	Enchanted Sea Axes		123500	136500	6412500	7087500	Mage		8452500	7647500	0	0	123500	136500	130000	6750000	6412500	7087500
AT	Enchanted Sea Axes		125400	138600	6887500	7612500	Mage		8998500	8141500	0	0	125400	138600	132000	7250000	6887500	7612500
AT	Enchanted Sea Axes		127300	140700	7315000	8085000	Mage		9492000	8588000	0	0	127300	140700	134000	7700000	7315000	8085000
AT	Enchanted Sea Axes		129200	142800	7790000	8610000	Mage		10038000	9082000	0	0	129200	142800	136000	8200000	7790000	8610000
AT	Aquatic Scimitars		129200	142800	7790000	8610000	War		10038000	9082000	0	0	129200	142800	136000	8200000	7790000	8610000
AT	Aquatic Scimitars		131100	144900	8122500	8977500	War		10426500	9433500	0	0	131100	144900	138000	8550000	8122500	8977500
AT	Aquatic Scimitars		133000	147000	8455000	9345000	War		10815000	9785000	0	0	133000	147000	140000	8900000	8455000	9345000
AT	Aquatic Scimitars		134900	149100	8816000	9744000	War		11235000	10165000	0	0	134900	149100	142000	9280000	8816000	9744000
AT	Aquatic Defender		129200	142800	7790000	8610000	Mage		10038000	9082000	0	0	129200	142800	136000	8200000	7790000	8610000
AT	Aquatic Defender		131100	144900	8122500	8977500	Mage		10426500	9433500	0	0	131100	144900	138000	8550000	8122500	8977500
AT	Aquatic Defender		133000	147000	8455000	9345000	Mage		10815000	9785000	0	0	133000	147000	140000	8900000	8455000	9345000
AT	Aquatic Defender		134900	149100	8816000	9744000	Mage		11235000	10165000	0	0	134900	149100	142000	9280000	8816000	9744000
AT	Serpent Pike		134900	149100	8816000	9744000	War		11235000	10165000	0	0	134900	149100	142000	9280000	8816000	9744000
AT	Serpent Pike		136800	151200	9196000	10164000	War		11676000	10564000	0	0	136800	151200	144000	9680000	9196000	10164000
AT	Serpent Pike		138700	153300	9576000	10584000	War		12117000	10963000	0	0	138700	153300	146000	10080000	9576000	10584000
AT	Serpent Pike		140600	155400	9975000	11025000	War		12579000	11381000	0	0	140600	155400	148000	10500000	9975000	11025000
AT	Enchanted Sea Daggers		134900	149100	8816000	9744000	Mage		11235000	10165000	0	0	134900	149100	142000	9280000	8816000	9744000
AT	Enchanted Sea Daggers		136800	151200	9196000	10164000	Mage		11676000	10564000	0	0	136800	151200	144000	9680000	9196000	10164000
AT	Enchanted Sea Daggers		138700	153300	9576000	10584000	Mage		12117000	10963000	0	0	138700	153300	146000	10080000	9576000	10584000
AT	Enchanted Sea Daggers		140600	155400	9975000	11025000	Mage		12579000	11381000	0	0	140600	155400	148000	10500000	9975000	11025000
AT	Aquatic Spear		140600	155400	9975000	11025000	War		12579000	11381000	0	0	140600	155400	148000	10500000	9975000	11025000
AT	Aquatic Spear		142500	157500	10450000	11550000	War		13125000	11875000	0	0	142500	157500	150000	11000000	10450000	11550000
AT	Aquatic Spear		144400	159600	10925000	12075000	War		13671000	12369000	0	0	144400	159600	152000	11500000	10925000	12075000
AT	Aquatic Spear		146300	161700	11400000	12600000	War		14217000	12863000	0	0	146300	161700	154000	12000000	11400000	12600000
AT	Ocean Pearl Staff		140600	155400	9975000	11025000	Mage		12579000	11381000	0	0	140600	155400	148000	10500000	9975000	11025000
AT	Ocean Pearl Staff		142500	157500	10450000	11550000	Mage		13125000	11875000	0	0	142500	157500	150000	11000000	10450000	11550000
AT	Ocean Pearl Staff		144400	159600	10925000	12075000	Mage		13671000	12369000	0	0	144400	159600	152000	11500000	10925000	12075000
AT	Ocean Pearl Staff		146300	161700	11400000	12600000	Mage		14217000	12863000	0	0	146300	161700	154000	12000000	11400000	12600000
AT	Oceanic Greatsword		146300	161700	11400000	12600000	War		14217000	12863000	0	0	146300	161700	154000	12000000	11400000	12600000
AT	Oceanic Greatsword		148200	163800	11875000	13125000	War		14763000	13357000	0	0	148200	163800	156000	12500000	11875000	13125000
AT	Oceanic Greatsword		150100	165900	12350000	13650000	War		15309000	13851000	0	0	150100	165900	158000	13000000	12350000	13650000
AT	Oceanic Greatsword		152000	168000	12777500	14122500	War		15802500	14297500	0	0	152000	168000	160000	13450000	12777500	14122500
AT	Enchanted Serpent Daggers		146300	161700	11400000	12600000	Mage		14217000	12863000	0	0	146300	161700	154000	12000000	11400000	12600000
AT	Enchanted Serpent Daggers		148200	163800	11875000	13125000	Mage		14763000	13357000	0	0	148200	163800	156000	12500000	11875000	13125000
AT	Enchanted Serpent Daggers		150100	165900	12350000	13650000	Mage		15309000	13851000	0	0	150100	165900	158000	13000000	12350000	13650000
AT	Enchanted Serpent Daggers		152000	168000	12777500	14122500	Mage		15802500	14297500	0	0	152000	168000	160000	13450000	12777500	14122500
AT	Aquatic		34200	37800	503500	556500	DPS Armor	12000000	934500	845500	11400000	12600000	34200	37800	36000	530000	503500	556500
AT	Aquatic		35625	39375	579500	640500	DPS Armor	13000000	1034250	935750	12350000	13650000	35625	39375	37500	610000	579500	640500
AT	Aquatic		37050	40950	655500	724500	DPS Armor	14500000	1134000	1026000	13775000	15225000	37050	40950	39000	690000	655500	724500
AT	Aquatic		38475	42525	731500	808500	DPS Armor	16000000	1233750	1116250	15200000	16800000	38475	42525	40500	770000	731500	808500
AT	Aquatic Guardian		34200	37800	17100000	18900000	Guardian		19278000	17442000	0	0	34200	37800	36000	18000000	17100000	18900000
AT	Aquatic Guardian		35625	39375	19000000	21000000	Guardian		21393750	19356250	0	0	35625	39375	37500	20000000	19000000	21000000
AT	Aquatic Guardian		37050	40950	20900000	23100000	Guardian		23509500	21270500	0	0	37050	40950	39000	22000000	20900000	23100000
AT	Aquatic Guardian		38475	42525	22800000	25200000	Guardian		25625250	23184750	0	0	38475	42525	40500	24000000	22800000	25200000
AT	Riptide		38475	42525	731500	808500	DPS Armor	16000000	1233750	1116250	15200000	16800000	38475	42525	40500	770000	731500	808500
AT	Riptide		39900	44100	819850	906150	DPS Armor	18200000	1347150	1218850	17290000	19110000	39900	44100	42000	863000	819850	906150
AT	Riptide		41325	45675	909150	1004850	DPS Armor	20400000	1461600	1322400	19380000	21420000	41325	45675	43500	957000	909150	1004850
AT	Riptide		42750	47250	997500	1102500	DPS Armor	22600000	1575000	1425000	21470000	23730000	42750	47250	45000	1050000	997500	1102500
AT	Riptide Guardian		38475	42525	22800000	25200000	Guardian		25625250	23184750	0	0	38475	42525	40500	24000000	22800000	25200000
AT	Riptide Guardian		39900	44100	26410000	29190000	Guardian		29631000	26809000	0	0	39900	44100	42000	27800000	26410000	29190000
AT	Riptide Guardian		41325	45675	30020000	33180000	Guardian		33636750	30433250	0	0	41325	45675	43500	31600000	30020000	33180000
AT	Riptide Guardian		42750	47250	32205000	35595000	Guardian		36067500	32632500	0	0	42750	47250	45000	33900000	32205000	35595000
AT	Triton		42750	47250	997500	1102500	DPS Armor	22600000	1575000	1425000	21470000	23730000	42750	47250	45000	1050000	997500	1102500
AT	Triton		44175	48825	1069700	1182300	DPS Armor	24600000	1670550	1511450	23370000	25830000	44175	48825	46500	1126000	1069700	1182300
AT	Triton		45600	50400	1142850	1263150	DPS Armor	26000000	1767150	1598850	24700000	27300000	45600	50400	48000	1203000	1142850	1263150
AT	Triton		47025	51975	1216000	1344000	DPS Armor	28600000	1863750	1686250	27170000	30030000	47025	51975	49500	1280000	1216000	1344000
AT	Triton Guardian		42750	47250	32205000	35595000	Guardian		36067500	32632500	0	0	42750	47250	45000	33900000	32205000	35595000
AT	Triton Guardian		44175	48825	35055000	38745000	Guardian		39233250	35496750	0	0	44175	48825	46500	36900000	35055000	38745000
AT	Triton Guardian		45600	50400	37905000	41895000	Guardian		42399000	38361000	0	0	45600	50400	48000	39900000	37905000	41895000
AT	Triton Guardian		47025	51975	40755000	45045000	Guardian		45564750	41225250	0	0	47025	51975	49500	42900000	40755000	45045000
AT	Sea King's Trident		161500	178500	14250000	15750000	War Legend		17535000	15865000	0	0	161500	178500	170000	15000000	14250000	15750000
AT	Sea King's Greatstaff		161500	178500	14250000	15750000	Mage Legend		17535000	15865000	0	0	161500	178500	170000	15000000	14250000	15750000
EF	Fungal Warhammer		152000	168000	12777500	14122500	War		15802500	14297500	0	0	152000	168000	160000	13450000	12777500	14122500
EF	Fungal Warhammer		158650	175350	13471000	14889000	War		16642500	15057500	0	0	158650	175350	167000	14180000	13471000	14889000
EF	Fungal Warhammer		165300	182700	14164500	15655500	War		17482500	15817500	0	0	165300	182700	174000	14910000	14164500	15655500
EF	Fungal Warhammer		171000	189000	14848500	16411500	War		18301500	16558500	0	0	171000	189000	180000	15630000	14848500	16411500
EF	Fungal Pike		152000	168000	12777500	14122500	Mage		15802500	14297500	0	0	152000	168000	160000	13450000	12777500	14122500
EF	Fungal Pike		158650	175350	13471000	14889000	Mage		16642500	15057500	0	0	158650	175350	167000	14180000	13471000	14889000
EF	Fungal Pike		165300	182700	14164500	15655500	Mage		17482500	15817500	0	0	165300	182700	174000	14910000	14164500	15655500
EF	Fungal Pike		171000	189000	14848500	16411500	Mage		18301500	16558500	0	0	171000	189000	180000	15630000	14848500	16411500
EF	Fungal Lance		171000	189000	14848500	16411500	War		18301500	16558500	0	0	171000	189000	180000	15630000	14848500	16411500
EF	Fungal Lance		177650	196350	15542000	17178000	War		19141500	17318500	0	0	177650	196350	187000	16360000	15542000	17178000
EF	Fungal Lance		184300	203700	16235500	17944500	War		19981500	18078500	0	0	184300	203700	194000	17090000	16235500	17944500
EF	Fungal Lance		190000	210000	16919500	18700500	War		20800500	18819500	0	0	190000	210000	200000	17810000	16919500	18700500
EF	Fungal Staff		171000	189000	14848500	16411500	Mage		18301500	16558500	0	0	171000	189000	180000	15630000	14848500	16411500
EF	Fungal Staff		177650	196350	15542000	17178000	Mage		19141500	17318500	0	0	177650	196350	187000	16360000	15542000	17178000
EF	Fungal Staff		184300	203700	16235500	17944500	Mage		19981500	18078500	0	0	184300	203700	194000	17090000	16235500	17944500
EF	Fungal Staff		190000	210000	16919500	18700500	Mage		20800500	18819500	0	0	190000	210000	200000	17810000	16919500	18700500
EF	Enchanted Shard Dual Blade		190000	210000	16919500	18700500	War		20800500	18819500	0	0	190000	210000	200000	17810000	16919500	18700500
EF	Enchanted Shard Dual Blade		196650	217350	17613000	19467000	War		21640500	19579500	0	0	196650	217350	207000	18540000	17613000	19467000
EF	Enchanted Shard Dual Blade		203300	224700	18306500	20233500	War		22480500	20339500	0	0	203300	224700	214000	19270000	18306500	20233500
EF	Enchanted Shard Dual Blade		209000	231000	19000000	21000000	War		23310000	21090000	0	0	209000	231000	220000	20000000	19000000	21000000
EF	Enchanted Shard Spell Dagger		190000	210000	16919500	18700500	Mage		20800500	18819500	0	0	190000	210000	200000	17810000	16919500	18700500
EF	Enchanted Shard Spell Dagger		196650	217350	17613000	19467000	Mage		21640500	19579500	0	0	196650	217350	207000	18540000	17613000	19467000
EF	Enchanted Shard Spell Dagger		203300	224700	18306500	20233500	Mage		22480500	20339500	0	0	203300	224700	214000	19270000	18306500	20233500
EF	Enchanted Shard Spell Dagger		209000	231000	19000000	21000000	Mage		23310000	21090000	0	0	209000	231000	220000	20000000	19000000	21000000
EF	Enchanted Shard Waraxe		209000	231000	19000000	21000000	War		23310000	21090000	0	0	209000	231000	220000	20000000	19000000	21000000
EF	Enchanted Shard Waraxe		215650	238350	19883500	21976500	War		24360000	22040000	0	0	215650	238350	227000	20930000	19883500	21976500
EF	Enchanted Shard Waraxe		222300	245700	20767000	22953000	War		25410000	22990000	0	0	222300	245700	234000	21860000	20767000	22953000
EF	Enchanted Shard Waraxe		228000	252000	21660000	23940000	War		26460000	23940000	0	0	228000	252000	240000	22800000	21660000	23940000
EF	Enchanted Shard Staff		209000	231000	19000000	21000000	Mage		23310000	21090000	0	0	209000	231000	220000	20000000	19000000	21000000
EF	Enchanted Shard Staff		215650	238350	19883500	21976500	Mage		24360000	22040000	0	0	215650	238350	227000	20930000	19883500	21976500
EF	Enchanted Shard Staff		222300	245700	20767000	22953000	Mage		25410000	22990000	0	0	222300	245700	234000	21860000	20767000	22953000
EF	Enchanted Shard Staff		228000	252000	21660000	23940000	Mage		26460000	23940000	0	0	228000	252000	240000	22800000	21660000	23940000
EF	Forest Vine Axe		236550	261450	21660000	23940000	War		26554500	24025500	0	0	236550	261450	249000	22800000	21660000	23940000
EF	Forest Vine Axe		234650	259350	22543500	24916500	War		27510000	24890000	0	0	234650	259350	247000	23730000	22543500	24916500
EF	Forest Vine Axe		241300	266700	23427000	25893000	War		28560000	25840000	0	0	241300	266700	254000	24660000	23427000	25893000
EF	Forest Vine Axe		247000	273000	24320000	26880000	War		29610000	26790000	0	0	247000	273000	260000	25600000	24320000	26880000
EF	Forest Vine Spellblade		236550	261450	21660000	23940000	Mage		26554500	24025500	0	0	236550	261450	249000	22800000	21660000	23940000
EF	Forest Vine Spellblade		234650	259350	22543500	24916500	Mage		27510000	24890000	0	0	234650	259350	247000	23730000	22543500	24916500
EF	Forest Vine Spellblade		241300	266700	23427000	25893000	Mage		28560000	25840000	0	0	241300	266700	254000	24660000	23427000	25893000
EF	Forest Vine Spellblade		247000	273000	24320000	26880000	Mage		29610000	26790000	0	0	247000	273000	260000	25600000	24320000	26880000
EF	Overgrown Warscythe		247000	273000	24320000	26880000	War		29610000	26790000	0	0	247000	273000	260000	25600000	24320000	26880000
EF	Overgrown Warscythe		253650	280350	25203500	27856500	War		30660000	27740000	0	0	253650	280350	267000	26530000	25203500	27856500
EF	Overgrown Warscythe		260300	287700	26087000	28833000	War		31710000	28690000	0	0	260300	287700	274000	27460000	26087000	28833000
EF	Overgrown Warscythe		266000	294000	26980000	29820000	War		32760000	29640000	0	0	266000	294000	280000	28400000	26980000	29820000
EF	Crystalline Shard Staff		247000	273000	24320000	26880000	Mage		29610000	26790000	0	0	247000	273000	260000	25600000	24320000	26880000
EF	Crystalline Shard Staff		253650	280350	25203500	27856500	Mage		30660000	27740000	0	0	253650	280350	267000	26530000	25203500	27856500
EF	Crystalline Shard Staff		260300	287700	26087000	28833000	Mage		31710000	28690000	0	0	260300	287700	274000	27460000	26087000	28833000
EF	Crystalline Shard Staff		266000	294000	26980000	29820000	Mage		32760000	29640000	0	0	266000	294000	280000	28400000	26980000	29820000
EF	Fungal		47025	51975	1216000	1344000	DPS Armor	28600000	1863750	1686250	27170000	30030000	47025	51975	49500	1280000	1216000	1344000
EF	Fungal		50825	56175	1366100	1509900	DPS Armor	31800000	2071650	1874350	30210000	33390000	50825	56175	53500	1438000	1366100	1509900
EF	Fungal		54625	60375	1516200	1675800	DPS Armor	35000000	2279550	2062450	33250000	36750000	54625	60375	57500	1596000	1516200	1675800
EF	Fungal		58425	64575	1667250	1842750	DPS Armor	38000000	2488500	2251500	36100000	39900000	58425	64575	61500	1755000	1667250	1842750
EF	Fungal Guardian		47025	51975	40755000	45045000	Guardian		45564750	41225250	0	0	47025	51975	49500	42900000	40755000	45045000
EF	Fungal Guardian		50825	56175	45220000	49980000	Guardian		50541750	45728250	0	0	50825	56175	53500	47600000	45220000	49980000
EF	Fungal Guardian		54625	60375	49685000	54915000	Guardian		55518750	50231250	0	0	54625	60375	57500	52300000	49685000	54915000
EF	Fungal Guardian		58425	64575	54150000	59850000	Guardian		60495750	54734250	0	0	58425	64575	61500	57000000	54150000	59850000
EF	Crystalline 		58425	64575	1667250	1842750	DPS Armor	38000000	2488500	2251500	36100000	39900000	58425	64575	61500	1755000	1667250	1842750
EF	Crystalline 		63175	69825	1826850	2019150	DPS Armor	43330000	2717400	2458600	41163500	45496500	63175	69825	66500	1923000	1826850	2019150
EF	Crystalline 		67925	75075	1986450	2195550	DPS Armor	48660000	2946300	2665700	46227000	51093000	67925	75075	71500	2091000	1986450	2195550
EF	Crystalline 		72675	80325	2147000	2373000	DPS Armor	54000000	3176250	2873750	51300000	56700000	72675	80325	76500	2260000	2147000	2373000
EF	Crystalline Guadian		58425	64575	54150000	59850000	Guardian		60495750	54734250	0	0	58425	64575	61500	57000000	54150000	59850000
EF	Crystalline Guadian		63175	69825	63175000	69825000	Guardian		70523250	63806750	0	0	63175	69825	66500	66500000	63175000	69825000
EF	Crystalline Guadian		67925	75075	72200000	79800000	Guardian		80550750	72879250	0	0	67925	75075	71500	76000000	72200000	79800000
EF	Crystalline Guadian		72675	80325	81225000	89775000	Guardian		90578250	81951750	0	0	72675	80325	76500	85500000	81225000	89775000
EF	Eldenbark		72675	80325	2147000	2373000	DPS Armor	54000000	3176250	2873750	51300000	56700000	72675	80325	76500	2260000	2147000	2373000
EF	Eldenbark		77425	85575	2275250	2514750	DPS Armor	58660000	3370500	3049500	55727000	61593000	77425	85575	81500	2395000	2275250	2514750
EF	Eldenbark		82175	90825	2403500	2656500	DPS Armor	63320000	3564750	3225250	60154000	66486000	82175	90825	86500	2530000	2403500	2656500
EF	Eldenbark		86925	96075	2531750	2798250	DPS Armor	68000000	3759000	3401000	64600000	71400000	86925	96075	91500	2665000	2531750	2798250
EF	Eldenbark Guardian		72675	80325	81225000	89775000	Guardian		90578250	81951750	0	0	72675	80325	76500	85500000	81225000	89775000
EF	Eldenbark Guardian		77425	85575	88350000	97650000	Guardian		98505750	89124250	0	0	77425	85575	81500	93000000	88350000	97650000
EF	Eldenbark Guardian		82175	90825	95475000	105525000	Guardian		106433250	96296750	0	0	82175	90825	86500	100500000	95475000	105525000
EF	Eldenbark Guardian		86925	96075	102600000	113400000	Guardian		114360750	103469250	0	0	86925	96075	91500	108000000	102600000	113400000
EF	Eldenbark Greatsword		285000	315000	30020000	33180000	War Legend		36330000	32870000	0	0	285000	315000	300000	31600000	30020000	33180000
EF	Eldenbark Greatstaff		285000	315000	30020000	33180000	Mage Legend		36330000	32870000	0	0	285000	315000	300000	31600000	30020000	33180000
EF	Eden’s Vengeance						War Ultimate											
EF	Eden’s Reaper						Mage Ultimate											
NL	Norse Blade		266000	294000	26980000	29820000	War		32760000	29640000	0	0	266000	294000	280000	28400000	26980000	29820000
NL	Norse Blade		272650	301350	28500000	31500000	War		34513500	31226500	0	0	272650	301350	287000	30000000	28500000	31500000
NL	Norse Blade		279300	308700	30020000	33180000	War		36267000	32813000	0	0	279300	308700	294000	31600000	30020000	33180000
NL	Norse Blade		285000	315000	31635000	34965000	War		38115000	34485000	0	0	285000	315000	300000	33300000	31635000	34965000
NL	Northern Spellstaff		266000	294000	26980000	29820000	Mage		32760000	29640000	0	0	266000	294000	280000	28400000	26980000	29820000
NL	Northern Spellstaff		272650	301350	28500000	31500000	Mage		34513500	31226500	0	0	272650	301350	287000	30000000	28500000	31500000
NL	Northern Spellstaff		279300	308700	30020000	33180000	Mage		36267000	32813000	0	0	279300	308700	294000	31600000	30020000	33180000
NL	Northern Spellstaff		285000	315000	31635000	34965000	Mage		38115000	34485000	0	0	285000	315000	300000	33300000	31635000	34965000
NL	Northen Runic Blade		285000	315000	31635000	34965000	War		38115000	34485000	0	0	285000	315000	300000	33300000	31635000	34965000
NL	Northen Runic Blade		291650	322350	33155000	36645000	War		39868500	36071500	0	0	291650	322350	307000	34900000	33155000	36645000
NL	Northen Runic Blade		298300	329700	34675000	38325000	War		41622000	37658000	0	0	298300	329700	314000	36500000	34675000	38325000
NL	Northen Runic Blade		304000	336000	36290000	40110000	War		43470000	39330000	0	0	304000	336000	320000	38200000	36290000	40110000
NL	Viking Shield		285000	315000	31635000	34965000	Mage		38115000	34485000	0	0	285000	315000	300000	33300000	31635000	34965000
NL	Viking Shield		291650	322350	33155000	36645000	Mage		39868500	36071500	0	0	291650	322350	307000	34900000	33155000	36645000
NL	Viking Shield		298300	329700	34675000	38325000	Mage		41622000	37658000	0	0	298300	329700	314000	36500000	34675000	38325000
NL	Viking Shield		304000	336000	36290000	40110000	Mage		43470000	39330000	0	0	304000	336000	320000	38200000	36290000	40110000
NL	Viking Hatchets		304000	336000	36290000	40110000	War		43470000	39330000	0	0	304000	336000	320000	38200000	36290000	40110000
NL	Viking Hatchets		310650	343350	37810000	41790000	War		45223500	40916500	0	0	310650	343350	327000	39800000	37810000	41790000
NL	Viking Hatchets		317300	350700	39330000	43470000	War		46977000	42503000	0	0	317300	350700	334000	41400000	39330000	43470000
NL	Viking Hatchets		323000	357000	40850000	45150000	War		48720000	44080000	0	0	323000	357000	340000	43000000	40850000	45150000
NL	Ice Spellblade		304000	336000	36290000	40110000	Mage		43470000	39330000	0	0	304000	336000	320000	38200000	36290000	40110000
NL	Ice Spellblade		310650	343350	37810000	41790000	Mage		45223500	40916500	0	0	310650	343350	327000	39800000	37810000	41790000
NL	Ice Spellblade		317300	350700	39330000	43470000	Mage		46977000	42503000	0	0	317300	350700	334000	41400000	39330000	43470000
NL	Ice Spellblade		323000	357000	40850000	45150000	Mage		48720000	44080000	0	0	323000	357000	340000	43000000	40850000	45150000
NL	Ice Greatspear		323000	357000	40850000	45150000	War		48720000	44080000	0	0	323000	357000	340000	43000000	40850000	45150000
NL	Ice Greatspear		329650	364350	42655000	47145000	War		50788500	45951500	0	0	329650	364350	347000	44900000	42655000	47145000
NL	Ice Greatspear		336300	371700	44460000	49140000	War		52857000	47823000	0	0	336300	371700	354000	46800000	44460000	49140000
NL	Ice Greatspear		342000	378000	46265000	51135000	War		54915000	49685000	0	0	342000	378000	360000	48700000	46265000	51135000
NL	Viking Sceptre		323000	357000	40850000	45150000	Mage		48720000	44080000	0	0	323000	357000	340000	43000000	40850000	45150000
NL	Viking Sceptre		329650	364350	42655000	47145000	Mage		50788500	45951500	0	0	329650	364350	347000	44900000	42655000	47145000
NL	Viking Sceptre		336300	371700	44460000	49140000	Mage		52857000	47823000	0	0	336300	371700	354000	46800000	44460000	49140000
NL	Viking Sceptre		342000	378000	46265000	51135000	Mage		54915000	49685000	0	0	342000	378000	360000	48700000	46265000	51135000
NL	Norse Greataxe		342000	378000	46265000	51135000	War		54915000	49685000	0	0	342000	378000	360000	48700000	46265000	51135000
NL	Norse Greataxe		348650	385350	48070000	53130000	War		56983500	51556500	0	0	348650	385350	367000	50600000	48070000	53130000
NL	Norse Greataxe		355300	392700	49875000	55125000	War		59052000	53428000	0	0	355300	392700	374000	52500000	49875000	55125000
NL	Norse Greataxe		361000	399000	51680000	57120000	War		61110000	55290000	0	0	361000	399000	380000	54400000	51680000	57120000
NL	Runic Mace		342000	378000	46265000	51135000	Mage		54915000	49685000	0	0	342000	378000	360000	48700000	46265000	51135000
NL	Runic Mace		348650	385350	48070000	53130000	Mage		56983500	51556500	0	0	348650	385350	367000	50600000	48070000	53130000
NL	Runic Mace		355300	392700	49875000	55125000	Mage		59052000	53428000	0	0	355300	392700	374000	52500000	49875000	55125000
NL	Runic Mace		361000	399000	51680000	57120000	Mage		61110000	55290000	0	0	361000	399000	380000	54400000	51680000	57120000
NL	Frost Giant Greataxe		361000	399000	51680000	57120000	War		61110000	55290000	0	0	361000	399000	380000	54400000	51680000	57120000
NL	Frost Giant Greataxe		367650	406350	53485000	59115000	War		63178500	57161500	0	0	367650	406350	387000	56300000	53485000	59115000
NL	Frost Giant Greataxe		374300	413700	55290000	61110000	War		65247000	59033000	0	0	374300	413700	394000	58200000	55290000	61110000
NL	Frost Giant Greataxe		380000	420000	57000000	63000000	War		67200000	60800000	0	0	380000	420000	400000	60000000	57000000	63000000
NL	Staff of the North		361000	399000	51680000	57120000	Mage		61110000	55290000	0	0	361000	399000	380000	54400000	51680000	57120000
NL	Staff of the North		367650	406350	53485000	59115000	Mage		63178500	57161500	0	0	367650	406350	387000	56300000	53485000	59115000
NL	Staff of the North		374300	413700	55290000	61110000	Mage		65247000	59033000	0	0	374300	413700	394000	58200000	55290000	61110000
NL	Staff of the North		380000	420000	57000000	63000000	Mage		67200000	60800000	0	0	380000	420000	400000	60000000	57000000	63000000
NL	Midgardian		86925	96075	2531750	2798250	DPS Armor	68000000	3759000	3401000	64600000	71400000	86925	96075	91500	2665000	2531750	2798250
NL	Midgardian		89300	98700	2883250	3186750	DPS Armor	75300000	4173750	3776250	71535000	79065000	89300	98700	94000	3035000	2883250	3186750
NL	Midgardian		92150	101850	3234750	3575250	DPS Armor	82600000	4593750	4156250	78470000	86730000	92150	101850	97000	3405000	3234750	3575250
NL	Midgardian		95000	105000	3591000	3969000	DPS Armor	90000000	5019000	4541000	85500000	94500000	95000	105000	100000	3780000	3591000	3969000
NL	Midgardian Guardian		86925	96075	102600000	113400000	Guardian		114360750	103469250	0	0	86925	96075	91500	108000000	102600000	113400000
NL	Midgardian Guardian		89300	98700	114000000	126000000	Guardian		126987000	114893000	0	0	89300	98700	94000	120000000	114000000	126000000
NL	Midgardian Guardian		92150	101850	125400000	138600000	Guardian		139618500	126321500	0	0	92150	101850	97000	132000000	125400000	138600000
NL	Midgardian Guardian		95000	105000	136800000	151200000	Guardian		152250000	137750000	0	0	95000	105000	100000	144000000	136800000	151200000
NL	Jotunn		95000	105000	3591000	3969000	DPS Armor	90000000	5019000	4541000	85500000	94500000	95000	105000	100000	3780000	3591000	3969000
NL	Jotunn		104500	115500	3914000	4326000	DPS Armor	102700000	5481000	4959000	97565000	107835000	104500	115500	110000	4120000	3914000	4326000
NL	Jotunn		114000	126000	4237000	4683000	DPS Armor	115400000	5943000	5377000	109630000	121170000	114000	126000	120000	4460000	4237000	4683000
NL	Jotunn		123500	136500	4560000	5040000	DPS Armor	128000000	6405000	5795000	121600000	134400000	123500	136500	130000	4800000	4560000	5040000
NL	Jotunn Guardian		95000	105000	136800000	151200000	Guardian		152250000	137750000	0	0	95000	105000	100000	144000000	136800000	151200000
NL	Jotunn Guardian		104500	115500	156053332	172480000	Guardian		173635000	157098332	0	0	104500	115500	110000	164266666	156053332.7	172479999.3
NL	Jotunn Guardian		114000	126000	175306665	193759999	Guardian		195019999	176446665	0	0	114000	126000	120000	184533332	175306665.4	193759998.6
NL	Jotunn Guardian		123500	136500	194560000	215040000	Guardian		216405000	195795000	0	0	123500	136500	130000	204800000	194560000	215040000
NL	Valhalla		123500	136500	4560000	5040000	DPS Armor	128000000	6405000	5795000	121600000	134400000	123500	136500	130000	4800000	4560000	5040000
NL	Valhalla		126350	139650	4873500	5386500	DPS Armor	139000000	6783000	6137000	132050000	145950000	126350	139650	133000	5130000	4873500	5386500
NL	Valhalla		130150	143850	5187000	5733000	DPS Armor	150000000	7171500	6488500	142500000	157500000	130150	143850	137000	5460000	5187000	5733000
NL	Valhalla		133000	147000	5510000	6090000	DPS Armor	161000000	7560000	6840000	152950000	169050000	133000	147000	140000	5800000	5510000	6090000
NL	Valhalla Guardian		123500	136500	194560000	215040000	Guardian		216405000	195795000	0	0	123500	136500	130000	204800000	194560000	215040000
NL	Valhalla Guardian		126350	139650	211280000	233520000	Guardian		234916500	212543500	0	0	126350	139650	133000	222400000	211280000	233520000
NL	Valhalla Guardian		130150	143850	228000000	252000000	Guardian		253438500	229301500	0	0	130150	143850	137000	240000000	228000000	252000000
NL	Valhalla Guardian		133000	147000	244720000	270480000	Guardian		271950000	246050000	0	0	133000	147000	140000	257600000	244720000	270480000
NL	Mjolnir		418000	462000	63270000	69930000	War Legend		74550000	67450000	0	0	418000	462000	440000	66600000	63270000	69930000
NL	Gungnir		418000	462000	63270000	69930000	Mage Legend		74550000	67450000	0	0	418000	462000	440000	66600000	63270000	69930000
NL	Hofund		462000	498960	69930000	75524400	War Ultimate		80514000	74550000	0	0	462000	498960	480480	72727200	69930000	75524400
NL	Laevateinn		462000	498960	69930000	75524400	Mage Ultimate		80514000	74550000	0	0	462000	498960	480480	72727200	69930000	75524400
GS	Dracani Gilded Sword		380000	420000	57000000	63000000	War		67200000	60800000	0	0	380000	420000	400000	60000000	57000000	63000000
GS	Dracani Gilded Sword		390450	431550	60800000	67200000	War		71515500	64704500	0	0	390450	431550	411000	64000000	60800000	67200000
GS	Dracani Gilded Sword		400900	443100	63650000	70350000	War		74781000	67659000	0	0	400900	443100	422000	67000000	63650000	70350000
GS	Dracani Gilded Sword		411350	454650	66500000	73500000	War		78046500	70613500	0	0	411350	454650	433000	70000000	66500000	73500000
GS	Dracani Spellclaws		380000	420000	57000000	63000000	Mage		67200000	60800000	0	0	380000	420000	400000	60000000	57000000	63000000
GS	Dracani Spellclaws		390450	431550	60800000	67200000	Mage		71515500	64704500	0	0	390450	431550	411000	64000000	60800000	67200000
GS	Dracani Spellclaws		400900	443100	63650000	70350000	Mage		74781000	67659000	0	0	400900	443100	422000	67000000	63650000	70350000
GS	Dracani Spellclaws		411350	454650	66500000	73500000	Mage		78046500	70613500	0	0	411350	454650	433000	70000000	66500000	73500000
GS	Dracani Flanged Mace		411350	454650	66500000	73500000	War		78046500	70613500	0	0	411350	454650	433000	70000000	66500000	73500000
GS	Dracani Flanged Mace		421800	466200	70300000	77700000	War		82362000	74518000	0	0	421800	466200	444000	74000000	70300000	77700000
GS	Dracani Flanged Mace		432250	477750	73150000	80850000	War		85627500	77472500	0	0	432250	477750	455000	77000000	73150000	80850000
GS	Dracani Flanged Mace		442700	489300	76000000	84000000	War		88893000	80427000	0	0	442700	489300	466000	80000000	76000000	84000000
GS	Oathsworn Spellblade		411350	454650	66500000	73500000	Mage		78046500	70613500	0	0	411350	454650	433000	70000000	66500000	73500000
GS	Oathsworn Spellblade		421800	466200	70300000	77700000	Mage		82362000	74518000	0	0	421800	466200	444000	74000000	70300000	77700000
GS	Oathsworn Spellblade		432250	477750	73150000	80850000	Mage		85627500	77472500	0	0	432250	477750	455000	77000000	73150000	80850000
GS	Oathsworn Spellblade		442700	489300	76000000	84000000	Mage		88893000	80427000	0	0	442700	489300	466000	80000000	76000000	84000000
GS	Dracani Royal Glaive		442700	489300	76000000	84000000	War		88893000	80427000	0	0	442700	489300	466000	80000000	76000000	84000000
GS	Dracani Royal Glaive		453150	500850	79800000	88200000	War		93208500	84331500	0	0	453150	500850	477000	84000000	79800000	88200000
GS	Dracani Royal Glaive		463600	512400	82650000	91350000	War		96474000	87286000	0	0	463600	512400	488000	87000000	82650000	91350000
GS	Dracani Royal Glaive		475000	525000	85500000	94500000	War		99750000	90250000	0	0	475000	525000	500000	90000000	85500000	94500000
GS	Dracani Gilded Lance		442700	489300	76000000	84000000	Mage		88893000	80427000	0	0	442700	489300	466000	80000000	76000000	84000000
GS	Dracani Gilded Lance		453150	500850	79800000	88200000	Mage		93208500	84331500	0	0	453150	500850	477000	84000000	79800000	88200000
GS	Dracani Gilded Lance		463600	512400	82650000	91350000	Mage		96474000	87286000	0	0	463600	512400	488000	87000000	82650000	91350000
GS	Dracani Gilded Lance		475000	525000	85500000	94500000	Mage		99750000	90250000	0	0	475000	525000	500000	90000000	85500000	94500000
GS	Oathsworn Hammer		475000	525000	85500000	94500000	War		99750000	90250000	0	0	475000	525000	500000	90000000	85500000	94500000
GS	Oathsworn Hammer		513000	567000	89194550	98583450	War		104253450	94324550	0	0	513000	567000	540000	93889000	89194550	98583450
GS	Oathsworn Hammer		541500	598500	92889100	102666900	War		108651900	98304100	0	0	541500	598500	570000	97778000	92889100	102666900
GS	Oathsworn Hammer		570000	630000	96583650	106750350	War		113050350	102283650	0	0	570000	630000	600000	101667000	96583650	106750350
GS	Dracani Gilded Staff		475000	525000	85500000	94500000	Mage		99750000	90250000	0	0	475000	525000	500000	90000000	85500000	94500000
GS	Dracani Gilded Staff		513000	567000	89194550	98583450	Mage		104253450	94324550	0	0	513000	567000	540000	93889000	89194550	98583450
GS	Dracani Gilded Staff		541500	598500	92889100	102666900	Mage		108651900	98304100	0	0	541500	598500	570000	97778000	92889100	102666900
GS	Dracani Gilded Staff		570000	630000	96583650	106750350	Mage		113050350	102283650	0	0	570000	630000	600000	101667000	96583650	106750350
GS	Oathsworn Sword And Shield		570000	630000	96583650	106750350	War		113050350	102283650	0	0	570000	630000	600000	101667000	96583650	106750350
GS	Oathsworn Sword And Shield		608000	672000	100278200	110833800	War		117553800	106358200	0	0	608000	672000	640000	105556000	100278200	110833800
GS	Oathsworn Sword And Shield		636500	703500	103972750	114917250	War		121952250	110337750	0	0	636500	703500	670000	109445000	103972750	114917250
GS	Oathsworn Sword And Shield		665000	735000	107665400	118998600	War		126348600	114315400	0	0	665000	735000	700000	113332000	107665400	118998600
GS	Oathsworn Spellscythe		570000	630000	96583650	106750350	Mage		113050350	102283650	0	0	570000	630000	600000	101667000	96583650	106750350
GS	Oathsworn Spellscythe		608000	672000	100278200	110833800	Mage		117553800	106358200	0	0	608000	672000	640000	105556000	100278200	110833800
GS	Oathsworn Spellscythe		636500	703500	103972750	114917250	Mage		121952250	110337750	0	0	636500	703500	670000	109445000	103972750	114917250
GS	Oathsworn Spellscythe		665000	735000	107665400	118998600	Mage		126348600	114315400	0	0	665000	735000	700000	113332000	107665400	118998600
GS	Oathsworn Halberd		665000	735000	107665400	118998600	War		126348600	114315400	0	0	665000	735000	700000	113332000	107665400	118998600
GS	Oathsworn Halberd		703000	777000	111359950	123082050	War		130852050	118389950	0	0	703000	777000	740000	117221000	111359950	123082050
GS	Oathsworn Halberd		731500	808500	115054500	127165500	War		135250500	122369500	0	0	731500	808500	770000	121110000	115054500	127165500
GS	Oathsworn Halberd		760000	840000	118750000	131250000	War		139650000	126350000	0	0	760000	840000	800000	125000000	118750000	131250000
GS	Oathsworn Staff And Tome		665000	735000	107665400	118998600	Mage		126348600	114315400	0	0	665000	735000	700000	113332000	107665400	118998600
GS	Oathsworn Staff And Tome		703000	777000	111359950	123082050	Mage		130852050	118389950	0	0	703000	777000	740000	117221000	111359950	123082050
GS	Oathsworn Staff And Tome		731500	808500	115054500	127165500	Mage		135250500	122369500	0	0	731500	808500	770000	121110000	115054500	127165500
GS	Oathsworn Staff And Tome		760000	840000	118750000	131250000	Mage		139650000	126350000	0	0	760000	840000	800000	125000000	118750000	131250000
GS	Dracani		133000	147000	5510000	6090000	DPS Armor	161000000	7560000	6840000	152950000	169050000	133000	147000	140000	5800000	5510000	6090000
GS	Dracani		152000	168000	6080000	6720000	DPS Armor	179000000	8400000	7600000	170050000	187950000	152000	168000	160000	6400000	6080000	6720000
GS	Dracani		171000	189000	6650000	7350000	DPS Armor	197000000	9240000	8360000	187150000	206850000	171000	189000	180000	7000000	6650000	7350000
GS	Dracani		190000	210000	7220000	7980000	DPS Armor	215000000	10080000	9120000	204250000	225750000	190000	210000	200000	7600000	7220000	7980000
GS	Dracani Guardian		133000	147000	244720000	270480000	Guardian		271950000	246050000	0	0	133000	147000	140000	257600000	244720000	270480000
GS	Dracani Guardian		152000	168000	271446350	300019650	Guardian		301699650	272966350	0	0	152000	168000	160000	285733000	271446350	300019650
GS	Dracani Guardian		171000	189000	298172700	329559300	Guardian		331449300	299882700	0	0	171000	189000	180000	313866000	298172700	329559300
GS	Dracani Guardian		190000	210000	324900000	359100000	Guardian		361200000	326800000	0	0	190000	210000	200000	342000000	324900000	359100000
GS	Oathsworn		190000	210000	7220000	7980000	DPS Armor	215000000	10080000	9120000	204250000	225750000	190000	210000	200000	7600000	7220000	7980000
GS	Oathsworn		223250	246750	7757700	8574300	DPS Armor	245333000	11041800	9990200	233066350	257599650	223250	246750	235000	8166000	7757700	8574300
GS	Oathsworn		256500	283500	8295400	9168600	DPS Armor	275666000	12003600	10860400	261882700	289449300	256500	283500	270000	8732000	8295400	9168600
GS	Oathsworn		285000	315000	8835000	9765000	DPS Armor	306000000	12915000	11685000	290700000	321300000	285000	315000	300000	9300000	8835000	9765000
GS	Oathsworn Guardian		190000	210000	324900000	359100000	Guardian		361200000	326800000	0	0	190000	210000	200000	342000000	324900000	359100000
GS	Oathsworn Guardian		223250	246750	370626350	409639650	Guardian		412107150	372858850	0	0	223250	246750	235000	390133000	370626350	409639650
GS	Oathsworn Guardian		256500	283500	416352700	460179300	Guardian		463014300	418917700	0	0	256500	283500	270000	438266000	416352700	460179300
GS	Oathsworn Guardian		285000	315000	462080000	510720000	Guardian		513870000	464930000	0	0	285000	315000	300000	486400000	462080000	510720000
GS	Gildenscale		285000	315000	8835000	9765000	DPS Armor	306000000	12915000	11685000	290700000	321300000	285000	315000	300000	9300000	8835000	9765000
GS	Gildenscale		301150	332850	9467700	10464300	DPS Armor	332330000	13792800	12479200	315713500	348946500	301150	332850	317000	9966000	9467700	10464300
GS	Gildenscale		317300	350700	10100400	11163600	DPS Armor	358660000	14670600	13273400	340727000	376593000	317300	350700	334000	10632000	10100400	11163600
GS	Gildenscale		332500	367500	10735000	11865000	DPS Armor	385000000	15540000	14060000	365750000	404250000	332500	367500	350000	11300000	10735000	11865000
GS	Gildenscale Guardian		285000	315000	462080000	510720000	Guardian		513870000	464930000	0	0	285000	315000	300000	486400000	462080000	510720000
GS	Gildenscale Guardian		301150	332850	501790000	554610000	Guardian		557938500	504801500	0	0	301150	332850	317000	528200000	501790000	554610000
GS	Gildenscale Guardian		317300	350700	541500000	598500000	Guardian		602007000	544673000	0	0	317300	350700	334000	570000000	541500000	598500000
GS	Gildenscale Guardian		332500	367500	581210000	642390000	Guardian		646065000	584535000	0	0	332500	367500	350000	611800000	581210000	642390000
GS	Gildenscale Oath And Aegis		807500	892500	132525000	146475000	War Legend		155400000	140600000	0	0	807500	892500	850000	139500000	132525000	146475000
GS	Daybreak And Gildensong		807500	892500	132525000	146475000	Mage Legend		155400000	140600000	0	0	807500	892500	850000	139500000	132525000	146475000